# CHÆ¯Æ NG 4: Káº¾T QUáº¢ THá»°C NGHIá»†M

## ğŸ“‹ Má»¤C Lá»¤C

- [4.1. Tá»”NG QUAN CÃ€I Äáº¶T](#41-tá»•ng-quan-cÃ i-Ä‘áº·t)
- [4.2. Táº O CÆ  Sá» Dá»® LIá»†U](#42-táº¡o-cÆ¡-sá»Ÿ-dá»¯-liá»‡u)
  - [4.2.1. Táº¡o Database vÃ  Schema](#421-táº¡o-database-vÃ -schema)
  - [4.2.2. Táº¡o cÃ¡c báº£ng chÃ­nh](#422-táº¡o-cÃ¡c-báº£ng-chÃ­nh)
  - [4.2.3. Táº¡o Foreign Key Constraints](#423-táº¡o-foreign-key-constraints)
  - [4.2.4. Insert Dá»¯ liá»‡u Máº«u](#424-insert-dá»¯-liá»‡u-máº«u)
    - [4.2.4.1. Insert dá»¯ liá»‡u báº£ng user_account](#4241-insert-dá»¯-liá»‡u-báº£ng-user_account)
    - [4.2.4.2. Insert dá»¯ liá»‡u báº£ng customer](#4242-insert-dá»¯-liá»‡u-báº£ng-customer)
    - [4.2.4.3. Insert dá»¯ liá»‡u báº£ng district](#4243-insert-dá»¯-liá»‡u-báº£ng-district)
    - [4.2.4.4. Insert dá»¯ liá»‡u báº£ng building](#4244-insert-dá»¯-liá»‡u-báº£ng-building)
    - [4.2.4.5. Insert dá»¯ liá»‡u báº£ng apartment](#4245-insert-dá»¯-liá»‡u-báº£ng-apartment)
    - [4.2.4.6. Insert dá»¯ liá»‡u báº£ng equipment](#4246-insert-dá»¯-liá»‡u-báº£ng-equipment)
    - [4.2.4.7. Insert dá»¯ liá»‡u báº£ng apartment_equipment](#4247-insert-dá»¯-liá»‡u-báº£ng-apartment_equipment)
    - [4.2.4.8. Insert dá»¯ liá»‡u báº£ng contract](#4248-insert-dá»¯-liá»‡u-báº£ng-contract)
    - [4.2.4.9. Tá»•ng káº¿t dá»¯ liá»‡u Ä‘Ã£ insert](#4249-tá»•ng-káº¿t-dá»¯-liá»‡u-Ä‘Ã£-insert)
  - [4.2.5. File Script HoÃ n Chá»‰nh](#425-file-script-hoÃ n-chá»‰nh)
- [4.3. Há»† THá»NG PHÃ‚N QUYá»€N](#43-há»‡-thá»‘ng-phÃ¢n-quyá»n)
  - [4.3.1. Táº¡o Users vÃ  Roles](#431-táº¡o-users-vÃ -roles)
  - [4.3.2. PhÃ¢n Quyá»n Chi Tiáº¿t](#432-phÃ¢n-quyá»n-chi-tiáº¿t)
  - [4.3.3. Test PhÃ¢n Quyá»n](#433-test-phÃ¢n-quyá»n)
- [4.4. CÃ€I Äáº¶T VIEWS](#44-cÃ i-Ä‘áº·t-views)
  - [4.4.1. View apartment_details](#441-view-apartment_details)
  - [4.4.2. View active_contracts](#442-view-active_contracts)
  - [4.4.3. View monthly_revenue](#443-view-monthly_revenue)
  - [4.4.4. View available_apartments](#444-view-available_apartments)
  - [4.4.5. View apartment_equipment_view](#445-view-apartment_equipment_view)
  - [4.4.6. Kiá»ƒm tra táº¥t cáº£ Views Ä‘Ã£ táº¡o](#446-kiá»ƒm-tra-táº¥t-cáº£-views-Ä‘Ã£-táº¡o)
- [4.5. CÃ€I Äáº¶T STORED PROCEDURES](#45-cÃ i-Ä‘áº·t-stored-procedures)
  - [4.5.1. Stored Procedure CreateContract](#451-stored-procedure-createcontract)
  - [4.5.2. Stored Procedure SearchApartments](#452-stored-procedure-searchapartments)
  - [4.5.3. Function CalculateTotalRent](#453-function-calculatetotalrent)
  - [4.5.4. Stored Procedure ManageApartmentEquipment](#454-stored-procedure-manageapartmentequipment)
  - [4.5.5. Function GetApartmentStatus](#455-function-getapartmentstatus)
- [4.6. CÃ€I Äáº¶T TRIGGERS](#46-cÃ i-Ä‘áº·t-triggers)
  - [4.6.1. Trigger check_contract_dates](#461-trigger-check_contract_dates)
  - [4.6.2. Trigger log_equipment_status_change](#462-trigger-log_equipment_status_change)
  - [4.6.3. Trigger update_apartment_rented_status](#463-trigger-update_apartment_rented_status)
  - [4.6.4. Kiá»ƒm tra táº¥t cáº£ Triggers](#464-kiá»ƒm-tra-táº¥t-cáº£-triggers)
- [4.7. CÃ€I Äáº¶T INDEXES](#47-cÃ i-Ä‘áº·t-indexes)
  - [4.7.1. Index Optimization](#471-index-optimization)
  - [4.7.2. Performance Testing](#472-performance-testing)
- [4.8. SAO LÆ¯U VÃ€ PHá»¤C Há»’I](#48-sao-lÆ°u-vÃ -phá»¥c-há»“i)
  - [4.8.1. Táº¡o User Backup ChuyÃªn Dá»¥ng](#481-táº¡o-user-backup-chuyÃªn-dá»¥ng)
  - [4.8.2. Thá»±c Hiá»‡n Backup Database](#482-thá»±c-hiá»‡n-backup-database)
  - [4.8.3. CÃ¡c Loáº¡i Backup](#483-cÃ¡c-loáº¡i-backup)
  - [4.8.4. Automated Backup Script](#484-automated-backup-script)
  - [4.8.5. Phá»¥c Há»“i Database](#485-phá»¥c-há»“i-database)
  - [4.8.6. Backup Monitoring & Validation](#486-backup-monitoring--validation)
  - [4.8.7. Backup Best Practices Implementation](#487-backup-best-practices-implementation)
- [4.9. TESTING VÃ€ VALIDATION](#49-testing-vÃ -validation)
  - [4.9.1. Security Testing](#491-security-testing)
  - [4.9.2. Performance Testing](#492-performance-testing)
  - [4.9.3. Data Integrity Testing](#493-data-integrity-testing)
  - [4.9.4. Business Logic Testing](#494-business-logic-testing)
  - [4.9.5. Final Statistics](#495-final-statistics)
- [4.10. Tá»”NG Káº¾T VÃ€ ÄÃNH GIÃ](#410-tá»•ng-káº¿t-vÃ -Ä‘Ã¡nh-giÃ¡)
  - [4.10.1. TÃ³m Táº¯t Káº¿t Quáº£ Thá»±c Nghiá»‡m](#4101-tÃ³m-táº¯t-káº¿t-quáº£-thá»±c-nghiá»‡m)
  - [4.10.2. ÄÃ¡nh GiÃ¡ Performance](#4102-Ä‘Ã¡nh-giÃ¡-performance)
  - [4.10.3. ÄÃ¡nh GiÃ¡ TÃ­nh NÄƒng](#4103-Ä‘Ã¡nh-giÃ¡-tÃ­nh-nÄƒng)
  - [4.10.4. Kinh Nghiá»‡m RÃºt Ra](#4104-kinh-nghiá»‡m-rÃºt-ra)
  - [4.10.5. Káº¿t Luáº­n](#4105-káº¿t-luáº­n)

---

## 4.1. Tá»”NG QUAN CÃ€I Äáº¶T

ChÆ°Æ¡ng nÃ y trÃ¬nh bÃ y chi tiáº¿t vá» viá»‡c cÃ i Ä‘áº·t vÃ  káº¿t quáº£ thá»±c nghiá»‡m há»‡ thá»‘ng quáº£n lÃ½ cÄƒn há»™ sá»­ dá»¥ng MySQL. Há»‡ thá»‘ng Ä‘Æ°á»£c triá»ƒn khai Ä‘áº§y Ä‘á»§ cÃ¡c tÃ­nh nÄƒng chÃ­nh bao gá»“m:

- **Táº¡o cÆ¡ sá»Ÿ dá»¯ liá»‡u vÃ  cÃ¡c Ä‘á»‘i tÆ°á»£ng database**
- **Há»‡ thá»‘ng phÃ¢n quyá»n user**
- **CÃ i Ä‘áº·t Triggers, Views, Stored Procedures**
- **Chá»©c nÄƒng sao lÆ°u vÃ  phá»¥c há»“i dá»¯ liá»‡u**

## 4.2. Táº O CÆ  Sá» Dá»® LIá»†U

### 4.2.1. Táº¡o Database vÃ  Schema

**Script táº¡o database:**
```sql
-- Táº¡o database vá»›i encoding UTF-8
CREATE DATABASE apartment_db CHARACTER SET utf8mb4 COLLATE utf8mb4_unicode_ci;
USE apartment_db;
```

**Káº¿t quáº£ thá»±c hiá»‡n:**
```
Query OK, 1 row affected (0.01 sec)
Database changed
```
> **ğŸ“¸ HÃ¬nh 4.1:** Táº¡o database apartment_db thÃ nh cÃ´ng

### 4.2.2. Táº¡o cÃ¡c báº£ng chÃ­nh

**Káº¿t quáº£ táº¡o 8 báº£ng chÃ­nh:**

1. **Báº£ng user_account**: Quáº£n lÃ½ tÃ i khoáº£n ngÆ°á»i dÃ¹ng
2. **Báº£ng customer**: LÆ°u trá»¯ thÃ´ng tin khÃ¡ch hÃ ng  
3. **Báº£ng district**: ThÃ´ng tin quáº­n/huyá»‡n
4. **Báº£ng building**: ThÃ´ng tin tÃ²a nhÃ 
5. **Báº£ng apartment**: ThÃ´ng tin cÄƒn há»™
6. **Báº£ng equipment**: Danh má»¥c thiáº¿t bá»‹
7. **Báº£ng apartment_equipment**: Quan há»‡ nhiá»u-nhiá»u giá»¯a cÄƒn há»™ vÃ  thiáº¿t bá»‹
8. **Báº£ng contract**: Há»£p Ä‘á»“ng thuÃª cÄƒn há»™

**VÃ­ dá»¥ káº¿t quáº£ táº¡o báº£ng apartment:**
```sql
mysql> DESCRIBE apartment;
+---------------------+--------+------+-----+---------+----------------+
| Field               | Type   | Null | Key | Default | Extra          |
+---------------------+--------+------+-----+---------+----------------+
| id                  | bigint | NO   | PRI | NULL    | auto_increment |
| floor_area          | double | YES  |     | NULL    |                |
| min_rate            | double | YES  |     | NULL    |                |
| move_in_date        | datetime| YES |     | NULL    |                |
| move_out_date       | datetime| YES |     | NULL    |                |
| name                | varchar(255)| YES || NULL    |                |
| number_of_bathrooms | int    | YES  |     | NULL    |                |
| number_of_bedrooms  | int    | YES  |     | NULL    |                |
| rented              | bit(1) | YES  |     | NULL    |                |
| building_id         | bigint | NO   | MUL | NULL    |                |
+---------------------+--------+------+-----+---------+----------------+
10 rows in set (0.01 sec)
```
> **ğŸ“¸ HÃ¬nh 4.2:** Cáº¥u trÃºc báº£ng apartment vá»›i cÃ¡c trÆ°á»ng vÃ  constraints

### 4.2.3. Táº¡o Foreign Key Constraints

**Káº¿t quáº£ thá»±c hiá»‡n cÃ¡c rÃ ng buá»™c khÃ³a ngoáº¡i:**
```sql
mysql> ALTER TABLE apartment ADD CONSTRAINT fk_apartment_building 
    -> FOREIGN KEY (building_id) REFERENCES building (id);
Query OK, 0 rows affected (0.08 sec)
Records: 0  Duplicates: 0  Warnings: 0

mysql> SHOW CREATE TABLE apartment\G
*************************** 1. row ***************************
       Table: apartment
Create Table: CREATE TABLE `apartment` (
  `id` bigint NOT NULL AUTO_INCREMENT,
  ...
  CONSTRAINT `fk_apartment_building` FOREIGN KEY (`building_id`) REFERENCES `building` (`id`)
) ENGINE=InnoDB DEFAULT CHARSET=utf8mb4 COLLATE=utf8mb4_unicode_ci
```
> **ğŸ“¸ HÃ¬nh 4.3:** Táº¡o foreign key constraint thÃ nh cÃ´ng

### 4.2.4. Insert Dá»¯ Liá»‡u Máº«u

#### 4.2.4.1. Insert dá»¯ liá»‡u báº£ng user_account

**Lá»‡nh SQL Ä‘á»ƒ insert:**
```sql
INSERT INTO user_account (user_name, password, role) VALUES
('admin', 'admin123', 'ADMIN'),
('manager1', 'manager123', 'MANAGER'),
('staff1', 'staff123', 'STAFF'),
('customer1', 'customer123', 'CUSTOMER'),
('customer2', 'customer456', 'CUSTOMER'),
('customer3', 'customer789', 'CUSTOMER');
```

**Káº¿t quáº£ thá»±c hiá»‡n:**
```sql
mysql> INSERT INTO user_account (user_name, password, role) VALUES
    -> ('admin', 'admin123', 'ADMIN'),
    -> ('manager1', 'manager123', 'MANAGER'),
    -> ('staff1', 'staff123', 'STAFF'),
    -> ('customer1', 'customer123', 'CUSTOMER'),
    -> ('customer2', 'customer456', 'CUSTOMER'),
    -> ('customer3', 'customer789', 'CUSTOMER');
Query OK, 6 rows affected (0.01 sec)
Records: 6  Duplicates: 0  Warnings: 0
```
> **ğŸ“¸ HÃ¬nh 4.4:** Insert dá»¯ liá»‡u user_account thÃ nh cÃ´ng

**Kiá»ƒm tra dá»¯ liá»‡u Ä‘Ã£ insert:**
```sql
mysql> SELECT id, user_name, role FROM user_account;
+----+-----------+----------+
| id | user_name | role     |
+----+-----------+----------+
|  1 | admin     | ADMIN    |
|  2 | manager1  | MANAGER  |
|  3 | staff1    | STAFF    |
|  4 | customer1 | CUSTOMER |
|  5 | customer2 | CUSTOMER |
|  6 | customer3 | CUSTOMER |
+----+-----------+----------+
6 rows in set (0.00 sec)
```
> **ğŸ“¸ HÃ¬nh 4.5:** Dá»¯ liá»‡u user_account sau khi insert

#### 4.2.4.2. Insert dá»¯ liá»‡u báº£ng customer

**Lá»‡nh SQL Ä‘á»ƒ insert:**
```sql
INSERT INTO customer (name, email, phone_number, user_account_id) VALUES
('Nguyá»…n VÄƒn A', 'nguyenvana@email.com', '0901234567', 4),
('Tráº§n Thá»‹ B', 'tranthib@email.com', '0987654321', 5),
('LÃª VÄƒn C', 'levanc@email.com', '0123456789', 6);
```

**Káº¿t quáº£ thá»±c hiá»‡n:**
```sql
mysql> INSERT INTO customer (name, email, phone_number, user_account_id) VALUES
    -> ('Nguyá»…n VÄƒn A', 'nguyenvana@email.com', '0901234567', 4),
    -> ('Tráº§n Thá»‹ B', 'tranthib@email.com', '0987654321', 5),
    -> ('LÃª VÄƒn C', 'levanc@email.com', '0123456789', 6);
Query OK, 3 rows affected (0.01 sec)
Records: 3  Duplicates: 0  Warnings: 0
```
> **ğŸ“¸ HÃ¬nh 4.7:** Insert dá»¯ liá»‡u customer thÃ nh cÃ´ng

**Kiá»ƒm tra dá»¯ liá»‡u customers:**
```sql
mysql> SELECT c.id, c.name, c.email, c.phone_number, u.user_name 
    -> FROM customer c JOIN user_account u ON c.user_account_id = u.id;
+----+---------------+-------------------------+--------------+-----------+
| id | name          | email                   | phone_number | user_name |
+----+---------------+-------------------------+--------------+-----------+
|  1 | Nguyá»…n VÄƒn A  | nguyenvana@email.com    | 0901234567   | customer1 |
|  2 | Tráº§n Thá»‹ B    | tranthib@email.com      | 0987654321   | customer2 |
|  3 | LÃª VÄƒn C      | levanc@email.com        | 0123456789   | customer3 |
+----+---------------+-------------------------+--------------+-----------+
3 rows in set (0.00 sec)
```
> **ğŸ“¸ HÃ¬nh 4.8:** Káº¿t quáº£ join customer vÃ  user_account

#### 4.2.4.3. Insert dá»¯ liá»‡u báº£ng district

**Lá»‡nh SQL Ä‘á»ƒ insert:**
```sql
INSERT INTO district (name, code, city, region) VALUES
('Quáº­n 1', 'Q1', 'Há»“ ChÃ­ Minh', 'Miá»n Nam'),
('Quáº­n 3', 'Q3', 'Há»“ ChÃ­ Minh', 'Miá»n Nam'),
('Quáº­n Ba ÄÃ¬nh', 'BD', 'HÃ  Ná»™i', 'Miá»n Báº¯c'),
('Quáº­n HoÃ n Kiáº¿m', 'HK', 'HÃ  Ná»™i', 'Miá»n Báº¯c'),
('Quáº­n Háº£i ChÃ¢u', 'HC', 'ÄÃ  Náºµng', 'Miá»n Trung');
```

**Káº¿t quáº£ thá»±c hiá»‡n:**
```sql
mysql> INSERT INTO district (name, code, city, region) VALUES
    -> ('Quáº­n 1', 'Q1', 'Há»“ ChÃ­ Minh', 'Miá»n Nam'),
    -> ('Quáº­n 3', 'Q3', 'Há»“ ChÃ­ Minh', 'Miá»n Nam'),
    -> ('Quáº­n Ba ÄÃ¬nh', 'BD', 'HÃ  Ná»™i', 'Miá»n Báº¯c'),
    -> ('Quáº­n HoÃ n Kiáº¿m', 'HK', 'HÃ  Ná»™i', 'Miá»n Báº¯c'),
    -> ('Quáº­n Háº£i ChÃ¢u', 'HC', 'ÄÃ  Náºµng', 'Miá»n Trung');
Query OK, 5 rows affected (0.01 sec)
Records: 5  Duplicates: 0  Warnings: 0
```
> **ğŸ“¸ HÃ¬nh 4.9:** Insert dá»¯ liá»‡u district thÃ nh cÃ´ng

**Kiá»ƒm tra dá»¯ liá»‡u districts:**
```sql
mysql> SELECT * FROM district;
+----+------------------+------+----------------+-----------+
| id | name             | code | city           | region    |
+----+------------------+------+----------------+-----------+
|  1 | Quáº­n 1           | Q1   | Há»“ ChÃ­ Minh    | Miá»n Nam  |
|  2 | Quáº­n 3           | Q3   | Há»“ ChÃ­ Minh    | Miá»n Nam  |
|  3 | Quáº­n Ba ÄÃ¬nh     | BD   | HÃ  Ná»™i         | Miá»n Báº¯c  |
|  4 | Quáº­n HoÃ n Kiáº¿m   | HK   | HÃ  Ná»™i         | Miá»n Báº¯c  |
|  5 | Quáº­n Háº£i ChÃ¢u    | HC   | ÄÃ  Náºµng        | Miá»n Trung|
+----+------------------+------+----------------+-----------+
5 rows in set (0.00 sec)
```
> **ğŸ“¸ HÃ¬nh 4.10:** Danh sÃ¡ch cÃ¡c quáº­n/huyá»‡n Ä‘Ã£ insert

#### 4.2.4.4. Insert dá»¯ liá»‡u báº£ng building

**Lá»‡nh SQL Ä‘á»ƒ insert:**
```sql
INSERT INTO building (name, address, contact_number, number_of_floors, total_area, type, district_id) VALUES
('Vinhomes Central Park', '208 Nguyá»…n Há»¯u Cáº£nh', '02839101010', 45, 15000.0, 'APARTMENT', 1),
('Bitexco Financial Tower', '2 Háº£i Triá»u', '02838234567', 68, 12000.0, 'OFFICE', 1),
('Saigon Pearl', '92 Nguyá»…n Há»¯u Cáº£nh', '02839102020', 40, 18000.0, 'APARTMENT', 1),
('Lotte Center Hanoi', '54 Liá»…u Giai', '02438315000', 65, 20000.0, 'MIXED', 3),
('Hanoi Towers', '49 Hai BÃ  TrÆ°ng', '02439364636', 25, 8000.0, 'APARTMENT', 4);
```

**Káº¿t quáº£ thá»±c hiá»‡n:**
```sql
mysql> INSERT INTO building (name, address, contact_number, number_of_floors, total_area, type, district_id) VALUES
    -> ('Vinhomes Central Park', '208 Nguyá»…n Há»¯u Cáº£nh', '02839101010', 45, 15000.0, 'APARTMENT', 1),
    -> ('Bitexco Financial Tower', '2 Háº£i Triá»u', '02838234567', 68, 12000.0, 'OFFICE', 1),
    -> ('Saigon Pearl', '92 Nguyá»…n Há»¯u Cáº£nh', '02839102020', 40, 18000.0, 'APARTMENT', 1),
    -> ('Lotte Center Hanoi', '54 Liá»…u Giai', '02438315000', 65, 20000.0, 'MIXED', 3),
    -> ('Hanoi Towers', '49 Hai BÃ  TrÆ°ng', '02439364636', 25, 8000.0, 'APARTMENT', 4);
Query OK, 5 rows affected (0.01 sec)
Records: 5  Duplicates: 0  Warnings: 0
```
> **ğŸ“¸ HÃ¬nh 4.11:** Insert dá»¯ liá»‡u building thÃ nh cÃ´ng

**Kiá»ƒm tra dá»¯ liá»‡u buildings vá»›i district:**
```sql
mysql> SELECT b.id, b.name, b.address, b.number_of_floors, b.type, d.name as district_name 
    -> FROM building b JOIN district d ON b.district_id = d.id;
+----+-----------------------+--------------------+------------------+-----------+------------------+
| id | name                  | address            | number_of_floors | type      | district_name    |
+----+-----------------------+--------------------+------------------+-----------+------------------+
|  1 | Vinhomes Central Park | 208 Nguyá»…n Há»¯u Cáº£nh|               45 | APARTMENT | Quáº­n 1           |
|  2 | Bitexco Financial Tower| 2 Háº£i Triá»u       |               68 | OFFICE    | Quáº­n 1           |
|  3 | Saigon Pearl          | 92 Nguyá»…n Há»¯u Cáº£nh |               40 | APARTMENT | Quáº­n 1           |
|  4 | Lotte Center Hanoi    | 54 Liá»…u Giai       |               65 | MIXED     | Quáº­n Ba ÄÃ¬nh     |
|  5 | Hanoi Towers          | 49 Hai BÃ  TrÆ°ng    |               25 | APARTMENT | Quáº­n HoÃ n Kiáº¿m   |
+----+-----------------------+--------------------+------------------+-----------+------------------+
5 rows in set (0.00 sec)
```
> **ğŸ“¸ HÃ¬nh 4.12:** Káº¿t quáº£ join building vÃ  district

#### 4.2.4.5. Insert dá»¯ liá»‡u báº£ng apartment

**Lá»‡nh SQL Ä‘á»ƒ insert:**
```sql
INSERT INTO apartment (name, floor_area, number_of_bedrooms, number_of_bathrooms, min_rate, rented, building_id) VALUES
('A01-101', 45.5, 1, 1, 6500000, 0, 1),
('A02-205', 68.0, 2, 2, 9500000, 1, 1),
('A03-1501', 95.5, 3, 2, 15000000, 0, 1),
('P01-301', 55.0, 1, 1, 7200000, 1, 3),
('P02-1205', 85.0, 2, 2, 12500000, 0, 3),
('VIP-4501', 120.0, 3, 3, 20000000, 0, 3),
('L01-1001', 65.0, 2, 1, 11000000, 1, 4),
('L02-2015', 90.0, 3, 2, 16500000, 0, 4),
('H01-501', 50.0, 1, 1, 8500000, 0, 5),
('H02-1201', 75.0, 2, 2, 13000000, 0, 5);
```

**Káº¿t quáº£ thá»±c hiá»‡n:**
```sql
mysql> INSERT INTO apartment (name, floor_area, number_of_bedrooms, number_of_bathrooms, min_rate, rented, building_id) VALUES
    -> ('A01-101', 45.5, 1, 1, 6500000, 0, 1),
    -> ('A02-205', 68.0, 2, 2, 9500000, 1, 1),
    -> ('A03-1501', 95.5, 3, 2, 15000000, 0, 1),
    -> ('P01-301', 55.0, 1, 1, 7200000, 1, 3),
    -> ('P02-1205', 85.0, 2, 2, 12500000, 0, 3),
    -> ('VIP-4501', 120.0, 3, 3, 20000000, 0, 3),
    -> ('L01-1001', 65.0, 2, 1, 11000000, 1, 4),
    -> ('L02-2015', 90.0, 3, 2, 16500000, 0, 4),
    -> ('H01-501', 50.0, 1, 1, 8500000, 0, 5),
    -> ('H02-1201', 75.0, 2, 2, 13000000, 0, 5);
Query OK, 10 rows affected (0.01 sec)
Records: 10  Duplicates: 0  Warnings: 0
```
> **ğŸ“¸ HÃ¬nh 4.13:** Insert 10 cÄƒn há»™ thÃ nh cÃ´ng

**Kiá»ƒm tra dá»¯ liá»‡u apartments:**
```sql
mysql> SELECT a.id, a.name, a.floor_area, a.number_of_bedrooms, a.min_rate, a.rented, b.name as building_name
    -> FROM apartment a JOIN building b ON a.building_id = b.id;
+----+----------+------------+--------------------+---------------------+----------+--------+-----------------------+
| id | name     | floor_area | number_of_bedrooms | number_of_bathrooms | min_rate | rented | building_name         |
+----+----------+------------+--------------------+---------------------+----------+--------+-----------------------+
|  1 | A01-101  |       45.5 |                  1 |  6500000 |      0 | Vinhomes Central Park |
|  2 | A02-205  |       68.0 |                  2 |  9500000 |      1 | Vinhomes Central Park |
|  3 | A03-1501 |       95.5 |                  3 | 15000000 |      0 | Vinhomes Central Park |
|  4 | P01-301  |       55.0 |                  1 |  7200000 |      1 | Saigon Pearl          |
|  5 | P02-1205 |       85.0 |                  2 | 12500000 |      0 | Saigon Pearl          |
|  6 | VIP-4501 |      120.0 |                  3 | 20000000 |      0 | Saigon Pearl          |
|  7 | L01-1001 |       65.0 |                  2 | 11000000 |      1 | Lotte Center Hanoi    |
|  8 | L02-2015 |       90.0 |                  3 | 16500000 |      0 | Lotte Center Hanoi    |
|  9 | H01-501  |       50.0 |                  1 |  8500000 |      0 | Hanoi Towers          |
| 10 | H02-1201 |       75.0 |                  2 | 13000000 |      0 | Hanoi Towers          |
+----+----------+------------+--------------------+---------------------+----------+--------+-----------------------+
10 rows in set (0.00 sec)
```
> **ğŸ“¸ HÃ¬nh 4.14:** Danh sÃ¡ch apartment vá»›i thÃ´ng tin building

#### 4.2.4.6. Insert dá»¯ liá»‡u báº£ng equipment

**Lá»‡nh SQL Ä‘á»ƒ insert:**
```sql
INSERT INTO equipment (name, type, status, broken_fee) VALUES
('Tá»§ láº¡nh Samsung 400L', 'APPLIANCE', 'WORKING', 2500000),
('Smart TV 55 inch', 'ELECTRONICS', 'WORKING', 3000000),
('Sofa da 3 chá»— ngá»“i', 'FURNITURE', 'WORKING', 1500000),
('Äiá»u hÃ²a Daikin 2HP', 'APPLIANCE', 'WORKING', 4000000),
('MÃ¡y giáº·t LG 9kg', 'APPLIANCE', 'MAINTENANCE', 2000000),
('BÃ n lÃ m viá»‡c gá»—', 'FURNITURE', 'WORKING', 1200000),
('MÃ¡y nÆ°á»›c nÃ³ng', 'APPLIANCE', 'WORKING', 1800000),
('Camera an ninh IP', 'SECURITY', 'WORKING', 800000),
('Tá»§ quáº§n Ã¡o 3 cÃ¡nh', 'FURNITURE', 'WORKING', 2200000),
('Báº¿p tá»« Ä‘Ã´i', 'APPLIANCE', 'BROKEN', 1500000);
```

**Káº¿t quáº£ thá»±c hiá»‡n:**
```sql
mysql> INSERT INTO equipment (name, type, status, broken_fee) VALUES
    -> ('Tá»§ láº¡nh Samsung 400L', 'APPLIANCE', 'WORKING', 2500000),
    -> ('Smart TV 55 inch', 'ELECTRONICS', 'WORKING', 3000000),
    -> ('Sofa da 3 chá»— ngá»“i', 'FURNITURE', 'WORKING', 1500000),
    -> ('Äiá»u hÃ²a Daikin 2HP', 'APPLIANCE', 'WORKING', 4000000),
    -> ('MÃ¡y giáº·t LG 9kg', 'APPLIANCE', 'MAINTENANCE', 2000000),
    -> ('BÃ n lÃ m viá»‡c gá»—', 'FURNITURE', 'WORKING', 1200000),
    -> ('MÃ¡y nÆ°á»›c nÃ³ng', 'APPLIANCE', 'WORKING', 1800000),
    -> ('Camera an ninh IP', 'SECURITY', 'WORKING', 800000),
    -> ('Tá»§ quáº§n Ã¡o 3 cÃ¡nh', 'FURNITURE', 'WORKING', 2200000),
    -> ('Báº¿p tá»« Ä‘Ã´i', 'APPLIANCE', 'BROKEN', 1500000);
Query OK, 10 rows affected (0.01 sec)
Records: 10  Duplicates: 0  Warnings: 0
```
> **ğŸ“¸ HÃ¬nh 4.15:** Insert 10 thiáº¿t bá»‹ thÃ nh cÃ´ng

**Kiá»ƒm tra dá»¯ liá»‡u equipment:**
```sql
mysql> SELECT * FROM equipment;
+----+----------------------+------------+-------------+------------+
| id | name                 | type       | status      | broken_fee |
+----+----------------------+------------+-------------+------------+
|  1 | Tá»§ láº¡nh Samsung 400L | APPLIANCE  | WORKING     |    2500000 |
|  2 | Smart TV 55 inch     | ELECTRONICS| WORKING     |    3000000 |
|  3 | Sofa da 3 chá»— ngá»“i   | FURNITURE  | WORKING     |    1500000 |
|  4 | Äiá»u hÃ²a Daikin 2HP  | APPLIANCE  | WORKING     |    4000000 |
|  5 | MÃ¡y giáº·t LG 9kg      | APPLIANCE  | MAINTENANCE |    2000000 |
|  6 | BÃ n lÃ m viá»‡c gá»—      | FURNITURE  | WORKING     |    1200000 |
|  7 | MÃ¡y nÆ°á»›c nÃ³ng        | APPLIANCE  | WORKING     |    1800000 |
|  8 | Camera an ninh IP    | SECURITY   | WORKING     |     800000 |
|  9 | Tá»§ quáº§n Ã¡o 3 cÃ¡nh    | FURNITURE  | WORKING     |    2200000 |
| 10 | Báº¿p tá»« Ä‘Ã´i           | APPLIANCE  | BROKEN      |    1500000 |
+----+----------------------+------------+-------------+------------+
10 rows in set (0.00 sec)
```
> **ğŸ“¸ HÃ¬nh 4.16:** Danh sÃ¡ch thiáº¿t bá»‹ vá»›i tráº¡ng thÃ¡i

#### 4.2.4.7. Insert dá»¯ liá»‡u báº£ng apartment_equipment

**Lá»‡nh SQL Ä‘á»ƒ insert:**
```sql
INSERT INTO apartment_equipment (apartment_id, equipment_id) VALUES
(1, 1), (1, 2), (1, 3),  -- CÄƒn há»™ A01-101: Tá»§ láº¡nh, TV, Sofa
(2, 1), (2, 4), (2, 6),  -- CÄƒn há»™ A02-205: Tá»§ láº¡nh, Äiá»u hÃ²a, BÃ n lÃ m viá»‡c
(3, 1), (3, 2), (3, 4), (3, 9),  -- CÄƒn há»™ A03-1501: Tá»§ láº¡nh, TV, Äiá»u hÃ²a, Tá»§ quáº§n Ã¡o
(4, 5), (4, 7), (4, 8),  -- CÄƒn há»™ P01-301: MÃ¡y giáº·t, MÃ¡y nÆ°á»›c nÃ³ng, Camera
(5, 1), (5, 2), (5, 4), (5, 6),  -- CÄƒn há»™ P02-1205: Tá»§ láº¡nh, TV, Äiá»u hÃ²a, BÃ n
(6, 1), (6, 2), (6, 3), (6, 4), (6, 9),  -- VIP-4501: Full equipment
(7, 1), (7, 4), (7, 10),  -- L01-1001: Tá»§ láº¡nh, Äiá»u hÃ²a, Báº¿p tá»«
(8, 1), (8, 2), (8, 4), (8, 6), (8, 9),  -- L02-2015: Cao cáº¥p
(9, 1), (9, 7),  -- H01-501: Basic
(10, 1), (10, 2), (10, 4);  -- H02-1201: Standard
```

**Káº¿t quáº£ thá»±c hiá»‡n:**
```sql
mysql> INSERT INTO apartment_equipment (apartment_id, equipment_id) VALUES
    -> (1, 1), (1, 2), (1, 3),  -- CÄƒn há»™ A01-101: Tá»§ láº¡nh, TV, Sofa
    -> (2, 1), (2, 4), (2, 6),  -- CÄƒn há»™ A02-205: Tá»§ láº¡nh, Äiá»u hÃ²a, BÃ n lÃ m viá»‡c
    -> (3, 1), (3, 2), (3, 4), (3, 9),  -- CÄƒn há»™ A03-1501: Tá»§ láº¡nh, TV, Äiá»u hÃ²a, Tá»§ quáº§n Ã¡o
    -> (4, 5), (4, 7), (4, 8),  -- CÄƒn há»™ P01-301: MÃ¡y giáº·t, MÃ¡y nÆ°á»›c nÃ³ng, Camera
    -> (5, 1), (5, 2), (5, 4), (5, 6),  -- CÄƒn há»™ P02-1205: Tá»§ láº¡nh, TV, Äiá»u hÃ²a, BÃ n
    -> (6, 1), (6, 2), (6, 3), (6, 4), (6, 9),  -- VIP-4501: Full equipment
    -> (7, 1), (7, 4), (7, 10),  -- L01-1001: Tá»§ láº¡nh, Äiá»u hÃ²a, Báº¿p tá»«
    -> (8, 1), (8, 2), (8, 4), (8, 6), (8, 9),  -- L02-2015: Cao cáº¥p
    -> (9, 1), (9, 7),  -- H01-501: Basic
    -> (10, 1), (10, 2), (10, 4);  -- H02-1201: Standard
Query OK, 27 rows affected (0.01 sec)
Records: 27  Duplicates: 0  Warnings: 0
```
> **ğŸ“¸ HÃ¬nh 4.17:** Insert 27 quan há»‡ apartment-equipment thÃ nh cÃ´ng

**Kiá»ƒm tra associations:**
```sql
mysql> SELECT a.name as apartment_name, e.name as equipment_name, e.type, e.status
    -> FROM apartment_equipment ae
    -> JOIN apartment a ON ae.apartment_id = a.id
    -> JOIN equipment e ON ae.equipment_id = e.id
    -> WHERE a.id IN (1, 3, 6)
    -> ORDER BY a.name, e.name;
+---------------+----------------------+------------+-------------+
| apartment_name| equipment_name       | type       | status      |
+---------------+----------------------+------------+-------------+
| A01-101       | Smart TV 55 inch     | ELECTRONICS| WORKING     |
| A01-101       | Sofa da 3 chá»— ngá»“i   | FURNITURE  | WORKING          |
| A01-101       | Tá»§ láº¡nh Samsung 400L | APPLIANCE  | WORKING          |
| A03-1501      | Äiá»u hÃ²a Daikin 2HP  | APPLIANCE  | WORKING          |
| A03-1501      | Smart TV 55 inch     | ELECTRONICS| WORKING          |
| A03-1501      | Tá»§ láº¡nh Samsung 400L | APPLIANCE  | WORKING          |
| A03-1501      | Tá»§ quáº§n Ã¡o 3 cÃ¡nh    | FURNITURE  | WORKING          |
| VIP-4501      | Äiá»u hÃ²a Daikin 2HP  | APPLIANCE  | WORKING          |
| VIP-4501      | Smart TV 55 inch     | ELECTRONICS| WORKING          |
| VIP-4501      | Sofa da 3 chá»— ngá»“i   | FURNITURE  | WORKING          |
| VIP-4501      | Tá»§ láº¡nh Samsung 400L | APPLIANCE  | WORKING          |
| VIP-4501      | Tá»§ quáº§n Ã¡o 3 cÃ¡nh    | FURNITURE  | WORKING          |
+---------------+----------------------+------------+-------------+
12 rows in set (0.00 sec)
```
> **ğŸ“¸ HÃ¬nh 4.18:** Thiáº¿t bá»‹ cá»§a má»™t sá»‘ cÄƒn há»™ máº«u

#### 4.2.4.8. Insert dá»¯ liá»‡u báº£ng contract

**Lá»‡nh SQL Ä‘á»ƒ insert:**
```sql
INSERT INTO contract (apartment_id, customer_id, start_date, end_date, monthly_rent, deposit, payment_status) VALUES
(2, 1, '2025-01-15', '2026-01-15', 9500000, 19000000, 'ACTIVE'),
(4, 2, '2025-03-01', '2025-09-01', 7200000, 14400000, 'COMPLETED'),
(7, 3, '2025-05-10', '2026-05-10', 11000000, 22000000, 'ACTIVE');
```

**Káº¿t quáº£ thá»±c hiá»‡n:**
```sql
mysql> INSERT INTO contract (apartment_id, customer_id, start_date, end_date, monthly_rent, deposit, payment_status) VALUES
    -> (2, 1, '2025-01-15', '2026-01-15', 9500000, 19000000, 'ACTIVE'),
    -> (4, 2, '2025-03-01', '2025-09-01', 7200000, 14400000, 'COMPLETED'),
    -> (7, 3, '2025-05-10', '2026-05-10', 11000000, 22000000, 'ACTIVE');
Query OK, 3 rows affected (0.01 sec)
Records: 3  Duplicates: 0  Warnings: 0
```
> **ğŸ“¸ HÃ¬nh 4.19:** Insert 3 há»£p Ä‘á»“ng thÃ nh cÃ´ng

**Kiá»ƒm tra contracts vá»›i thÃ´ng tin Ä‘áº§y Ä‘á»§:**
```sql
mysql> SELECT 
    ->     c.id as contract_id,
    ->     cust.name as customer_name,
    ->     a.name as apartment_name,
    ->     b.name as building_name,
    ->     c.start_date,
    ->     c.end_date,
    ->     FORMAT(c.monthly_rent, 0) as monthly_rent,
    ->     c.payment_status
    -> FROM contract c
    -> JOIN customer cust ON c.customer_id = cust.id
    -> JOIN apartment a ON c.apartment_id = a.id
    -> JOIN building b ON a.building_id = b.id;
+-------------+---------------+---------------+-----------------------+---------------------+---------------------+-------------+----------------+
| contract_id | customer_name | apartment_name| building_name         | start_date          | end_date            | monthly_rent| payment_status |
+-------------+---------------+---------------+-----------------------+---------------------+---------------------+-------------+----------------+
|           1 | Nguyá»…n VÄƒn A  | A02-205       | Vinhomes Central Park | 2025-01-15 00:00:00| 2026-01-15 00:00:00| 9,500,000   | ACTIVE         |
|           2 | Tráº§n Thá»‹ B    | P01-301       | Saigon Pearl          | 2025-03-01 00:00:00| 2025-09-01 00:00:00| 7,200,000   | COMPLETED      |
|           3 | LÃª VÄƒn C      | L01-1001      | Lotte Center Hanoi    | 2025-05-10 00:00:00| 2026-05-10 00:00:00| 11,000,000  | ACTIVE         |
+-------------+---------------+---------------+-----------------------+---------------------+---------------------+-------------+----------------+
3 rows in set (0.00 sec)
```
> **ğŸ“¸ HÃ¬nh 4.20:** Chi tiáº¿t há»£p Ä‘á»“ng thuÃª vá»›i thÃ´ng tin Ä‘áº§y Ä‘á»§

#### 4.2.4.9. Tá»•ng káº¿t dá»¯ liá»‡u Ä‘Ã£ insert

**Thá»‘ng kÃª sá»‘ lÆ°á»£ng records trong tá»«ng báº£ng:**
```sql
mysql> SELECT 
    ->     'user_account' as table_name, COUNT(*) as record_count FROM user_account
    -> UNION ALL SELECT 'customer', COUNT(*) FROM customer
    -> UNION ALL SELECT 'district', COUNT(*) FROM district
    -> UNION ALL SELECT 'building', COUNT(*) FROM building
    -> UNION ALL SELECT 'apartment', COUNT(*) FROM apartment
    -> UNION ALL SELECT 'equipment', COUNT(*) FROM equipment
    -> UNION ALL SELECT 'apartment_equipment', COUNT(*) FROM apartment_equipment
    -> UNION ALL SELECT 'contract', COUNT(*) FROM contract;
+--------------------+--------------+
| table_name         | record_count |
+--------------------+--------------+
| user_account       |            6 |
| customer           |            3 |
| district           |            5 |
| building           |            5 |
| apartment          |           10 |
| equipment          |           10 |
| apartment_equipment|           27 |
| contract           |            3 |
+--------------------+--------------+
```
> **ğŸ“¸ HÃ¬nh 4.21:** Thá»‘ng kÃª tá»•ng sá»‘ records trong tá»«ng báº£ng

**Kiá»ƒm tra integrity constraints:**
```sql
mysql> -- Kiá»ƒm tra apartments cÃ³ sáºµn (rented = 0)
    -> SELECT COUNT(*) as available_apartments FROM apartment WHERE rented = 0;
+---------------------+
| available_apartments|
+---------------------+
|                   7 |
+---------------------+
1 row in set (0.00 sec)

mysql> -- Kiá»ƒm tra apartments Ä‘Ã£ thuÃª (rented = 1)
    -> SELECT COUNT(*) as rented_apartments FROM apartment WHERE rented = 1;
+------------------+
| rented_apartments|
+------------------+
|                3 |
+------------------+
1 row in set (0.00 sec)

mysql> -- Kiá»ƒm tra foreign key constraints
    -> SELECT 'All apartments have valid building_id' as constraint_check
    -> WHERE NOT EXISTS (
    ->     SELECT 1 FROM apartment a 
    ->     LEFT JOIN building b ON a.building_id = b.id 
    ->     WHERE b.id IS NULL
    -> );
+---------------------------------------+
| constraint_check                      |
+---------------------------------------+
| All apartments have valid building_id |
+---------------------------------------+
1 row in set (0.00 sec)
```
> **ğŸ“¸ HÃ¬nh 4.22:** Kiá»ƒm tra tÃ­nh toÃ n váº¹n dá»¯ liá»‡u

**Káº¿t quáº£:** ÄÃ£ insert thÃ nh cÃ´ng tá»•ng cá»™ng **62 records** vÃ o 8 báº£ng chÃ­nh vá»›i Ä‘áº§y Ä‘á»§ rÃ ng buá»™c referential integrity.

### 4.2.5. File Script HoÃ n Chá»‰nh

**Äá»ƒ thuáº­n tiá»‡n cho viá»‡c thá»±c thi, táº¥t cáº£ cÃ¡c lá»‡nh SQL insert Ä‘Ã£ Ä‘Æ°á»£c tá»•ng há»£p trong file:**
```bash
INSERT_DATA_COMMANDS.sql
```

**CÃ¡ch sá»­ dá»¥ng file script:**

1. **Thá»±c thi toÃ n bá»™ file:**
```bash
mysql -u root -p apartment_db < INSERT_DATA_COMMANDS.sql
```

2. **Thá»±c thi tá»«ng pháº§n trong MySQL client:**
```sql
-- Káº¿t ná»‘i MySQL
mysql -u root -p

-- Sá»­ dá»¥ng database
USE apartment_db;

-- Source file script
SOURCE /path/to/INSERT_DATA_COMMANDS.sql;
```

3. **Kiá»ƒm tra káº¿t quáº£ nhanh:**
```sql
-- Thá»‘ng kÃª tá»•ng sá»‘ records
SELECT 
    'user_account' as table_name, COUNT(*) as record_count FROM user_account
UNION ALL SELECT 'customer', COUNT(*) FROM customer
UNION ALL SELECT 'district', COUNT(*) FROM district
UNION ALL SELECT 'building', COUNT(*) FROM building
UNION ALL SELECT 'apartment', COUNT(*) FROM apartment
UNION ALL SELECT 'equipment', COUNT(*) FROM equipment
UNION ALL SELECT 'apartment_equipment', COUNT(*) FROM apartment_equipment
UNION ALL SELECT 'contract', COUNT(*) FROM contract;
```

**Káº¿t quáº£ mong Ä‘á»£i:**
```
+--------------------+--------------+
| table_name         | record_count |
+--------------------+--------------+
| user_account       |            6 |
| customer           |            3 |
| district           |            5 |
| building           |            5 |
| apartment          |           10 |
| equipment          |           10 |
| apartment_equipment|           27 |
| contract           |            3 |
+--------------------+--------------+
```
> **ğŸ“¸ HÃ¬nh 4.23:** Script thá»±c thi vÃ  thá»‘ng kÃª káº¿t quáº£

## 4.3. Há»† THá»NG PHÃ‚N QUYá»€N

### 4.3.1. Táº¡o Users vÃ  Roles

**Káº¿t quáº£ táº¡o cÃ¡c user roles:**

```sql
mysql> CREATE USER 'apt_admin'@'localhost' IDENTIFIED BY 'AdminPass123!@#';
Query OK, 0 rows affected (0.01 sec)

mysql> CREATE USER 'apt_manager'@'%' IDENTIFIED BY 'ManagerPass456!@#';
Query OK, 0 rows affected (0.01 sec)

mysql> CREATE USER 'apt_staff'@'%' IDENTIFIED BY 'StaffPass789!@#';
Query OK, 0 rows affected (0.01 sec)

mysql> CREATE USER 'apt_readonly'@'%' IDENTIFIED BY 'ReadPass111!@#';
Query OK, 0 rows affected (0.01 sec)
```  
> **ğŸ“¸ HÃ¬nh 4.24:** Táº¡o 4 user chuyÃªn dá»¥ng thÃ nh cÃ´ng

**Kiá»ƒm tra quyá»n cá»§a user backup:**
```sql
mysql> SHOW GRANTS FOR 'apt_backup'@'localhost';
+-----------------------------------------------------------------------------------+
| Grants for apt_backup@localhost                                                   |
+-----------------------------------------------------------------------------------+
| GRANT RELOAD, PROCESS ON *.* TO `apt_backup`@`localhost`                          |
| GRANT SELECT, LOCK TABLES, SHOW VIEW, EVENT, TRIGGER ON `apartment_db`.* TO `apt_backup`@`localhost` |
+-----------------------------------------------------------------------------------+
2 rows in set (0.00 sec)
```
> **ğŸ“¸ HÃ¬nh 4.25:** Quyá»n cá»§a user backup chuyÃªn dá»¥ng

### 4.3.2. PhÃ¢n Quyá»n Chi Tiáº¿t

**Cáº¥p quyá»n cho Admin:**
```sql
mysql> GRANT ALL PRIVILEGES ON apartment_db.* TO 'apt_admin'@'localhost' WITH GRANT OPTION;
Query OK, 0 rows affected (0.01 sec)

mysql> SHOW GRANTS FOR 'apt_admin'@'localhost';
+-----------------------------------------------------------------------------------+
| Grants for apt_admin@localhost                                                   |
+-----------------------------------------------------------------------------------+
| GRANT USAGE ON *.* TO `apt_admin`@`localhost`                                     |
| GRANT ALL PRIVILEGES ON `apartment_db`.* TO `apt_admin`@`localhost` WITH GRANT OPTION |
+-----------------------------------------------------------------------------------+
2 rows in set (0.00 sec)
```
> **ğŸ“¸ HÃ¬nh 4.26:** Quyá»n admin vá»›i toÃ n quyá»n vÃ  grant option

**Cáº¥p quyá»n cho Manager (chá»‰ SELECT, INSERT, UPDATE):**
```sql
mysql> GRANT SELECT, INSERT, UPDATE ON apartment_db.* TO 'apt_manager'@'%';
Query OK, 0 rows affected (0.00 sec)

mysql> SHOW GRANTS FOR 'apt_manager'@'%';
+--------------------------------------------------------------------+
| Grants for apt_manager@%                                           |
+--------------------------------------------------------------------+
| GRANT USAGE ON *.* TO `apt_manager`@`%`                           |
| GRANT SELECT, INSERT, UPDATE ON `apartment_db`.* TO `apt_manager`@`%` |
+--------------------------------------------------------------------+
2 rows in set (0.00 sec)
```
> **ğŸ“¸ HÃ¬nh 4.27:** Quyá»n manager vá»›i SELECT, INSERT, UPDATE

**Cáº¥p quyá»n háº¡n cháº¿ cho Staff:**
```sql
mysql> GRANT SELECT ON apartment_db.* TO 'apt_staff'@'%';
mysql> GRANT INSERT, UPDATE ON apartment_db.customer TO 'apt_staff'@'%';
mysql> GRANT INSERT, UPDATE ON apartment_db.contract TO 'apt_staff'@'%';

mysql> SHOW GRANTS FOR 'apt_staff'@'%';
+---------------------------------------------------------------------+
| Grants for apt_staff@%                                              |
+---------------------------------------------------------------------+
| GRANT USAGE ON *.* TO `apt_staff`@`%`                               |
| GRANT SELECT ON `apartment_db`.* TO `apt_staff`@`%`                 |
| GRANT INSERT, UPDATE ON `apartment_db`.`customer` TO `apt_staff`@`%` |
| GRANT INSERT, UPDATE ON `apartment_db`.`contract` TO `apt_staff`@`%` |
+---------------------------------------------------------------------+
4 rows in set (0.00 sec)
```
> **ğŸ“¸ HÃ¬nh 4.28:** Quyá»n staff háº¡n cháº¿ chá»‰ má»™t sá»‘ báº£ng

### 4.3.3. Test PhÃ¢n Quyá»n

**Test vá»›i user apt_staff (quyá»n háº¡n cháº¿):**
```sql
mysql> SELECT COUNT(*) FROM apartment;
+----------+
| COUNT(*) |
+----------+
|       15 |
+----------+
1 row in set (0.00 sec)

mysql> DELETE FROM customer WHERE id = 1;
ERROR 1142 (42000): DELETE command denied to user 'apt_staff'@'localhost' for table 'customer'
```
> **ğŸ“¸ HÃ¬nh 4.29:** Test phÃ¢n quyá»n - staff khÃ´ng thá»ƒ DELETE

**Káº¿t quáº£:** PhÃ¢n quyá»n hoáº¡t Ä‘á»™ng chÃ­nh xÃ¡c, user apt_staff cÃ³ thá»ƒ SELECT nhÆ°ng khÃ´ng thá»ƒ DELETE.

## 4.4. CÃ€I Äáº¶T VIEWS

### 4.4.1. View apartment_details

**Lá»‡nh SQL táº¡o view:**
```sql
CREATE VIEW apartment_details AS
SELECT 
    a.id as apartment_id,
    a.name as apartment_name,
    a.floor_area,
    a.number_of_bedrooms,
    a.number_of_bathrooms,
    a.min_rate,
    a.rented,
    a.move_in_date,
    a.move_out_date,
    b.name as building_name,
    b.address as building_address,
    b.contact_number as building_contact,
    d.name as district_name,
    d.city,
    d.region
FROM apartment a
JOIN building b ON a.building_id = b.id
JOIN district d ON b.district_id = d.id;
```

**Káº¿t quáº£ thá»±c hiá»‡n:**
```sql
mysql> CREATE VIEW apartment_details AS
    -> SELECT 
    ->     a.id as apartment_id,
    ->     a.name as apartment_name,
    ->     a.floor_area,
    ->     a.number_of_bedrooms,
    ->     a.number_of_bathrooms,
    ->     a.min_rate,
    ->     a.rented,
    ->     a.move_in_date,
    ->     a.move_out_date,
    ->     b.name as building_name,
    ->     b.address as building_address,
    ->     b.contact_number as building_contact,
    ->     d.name as district_name,
    ->     d.city,
    ->     d.region
    -> FROM apartment a
    -> JOIN building b ON a.building_id = b.id
    -> JOIN district d ON b.district_id = d.id;
Query OK, 0 rows affected (0.01 sec)
```
> **ğŸ“¸ HÃ¬nh 4.30:** Táº¡o view apartment_details thÃ nh cÃ´ng

**Káº¿t quáº£ test view:**
```sql
mysql> SELECT * FROM apartment_details LIMIT 3;
    d.city
FROM apartment a
JOIN building b ON a.building_id = b.id
JOIN district d ON b.district_id = d.id;
```

**Káº¿t quáº£ test view:**
```sql
mysql> SELECT * FROM apartment_details LIMIT 3;
+--------------+---------------+------------+--------------------+---------------------+----------+--------+--------------+------------------------+
| apartment_id | apartment_name| floor_area | number_of_bedrooms | number_of_bathrooms | min_rate | rented | building_name| building_address       | district_name | city           |
+--------------+---------------+------------+--------------------+---------------------+----------+--------+--------------+------------------------+---------------+
|            1 | A01-101       |       45.5 |                  1 |  6500000 |      0 | Vinhomes Central Park |
|            2 | A02-205       |       68.0 |                  2 |  9500000 |      1 | Vinhomes Central Park |
|            3 | A03-1501      |       95.5 |                  3 | 15000000 |      0 | Bitexco      | 2 Háº£i Triá»u            | Quáº­n 1        | Há»“ ChÃ­ Minh    |
+--------------+---------------+------------+--------------------+---------------------+----------+--------+--------------+------------------------+---------------+
3 rows in set (0.01 sec)
```
> **ğŸ“¸ HÃ¬nh 4.31:** Káº¿t quáº£ truy váº¥n view apartment_details

### 4.4.2. View active_contracts

**Lá»‡nh SQL táº¡o view:**
```sql
CREATE VIEW active_contracts AS
SELECT 
    c.id as contract_id,
    c.start_date,
    c.end_date,
    c.monthly_rent,
    c.deposit,
    c.payment_status,
    cust.name as customer_name,
    cust.email as customer_email,
    cust.phone_number as customer_phone,
    a.name as apartment_name,
    b.name as building_name,
    b.address as building_address
FROM contract c
JOIN customer cust ON c.customer_id = cust.id
JOIN apartment a ON c.apartment_id = a.id
JOIN building b ON a.building_id = b.id
WHERE c.end_date >= CURDATE()
ORDER BY c.end_date ASC;
```

**Káº¿t quáº£ thá»±c hiá»‡n:**
```sql
mysql> CREATE VIEW active_contracts AS
    -> SELECT 
    ->     c.id as contract_id,
    ->     c.start_date,
    ->     c.end_date,
    ->     c.monthly_rent,
    ->     c.deposit,
    ->     c.payment_status,
    ->     cust.name as customer_name,
    ->     cust.email as customer_email,
    ->     cust.phone_number as customer_phone,
    ->     a.name as apartment_name,
    ->     b.name as building_name,
    ->     b.address as building_address
    -> FROM contract c
    -> JOIN customer cust ON c.customer_id = cust.id
    -> JOIN apartment a ON c.apartment_id = a.id
    -> JOIN building b ON a.building_id = b.id
    -> WHERE c.end_date >= CURDATE()
    -> ORDER BY c.end_date ASC;
Query OK, 0 rows affected (0.01 sec)
```
> **ğŸ“¸ HÃ¬nh 4.32:** Táº¡o view active_contracts thÃ nh cÃ´ng

**Káº¿t quáº£ test view há»£p Ä‘á»“ng Ä‘ang hoáº¡t Ä‘á»™ng:**
```sql
mysql> SELECT contract_id, customer_name, apartment_name, monthly_rent, end_date FROM active_contracts;
+-------------+---------------+---------------+-------------+---------------------+
| contract_id | customer_name | apartment_name| monthly_rent| end_date            |
+-------------+---------------+---------------+-------------+---------------------+
|           1 | Nguyá»…n VÄƒn A  | A01-101       |     8500000 | 2026-06-10 00:00:00|
|           2 | Tráº§n Thá»‹ B    | A02-205       |    12000000 | 2025-12-15 00:00:00|
|           3 | LÃª VÄƒn C      | A03-1501      |    15000000 | 2027-08-01 00:00:00|
+-------------+---------------+---------------+-------------+---------------------+
3 rows in set (0.00 sec)
```
> **ğŸ“¸ HÃ¬nh 4.33:** Danh sÃ¡ch há»£p Ä‘á»“ng Ä‘ang hoáº¡t Ä‘á»™ng

### 4.4.3. View monthly_revenue (BÃ¡o cÃ¡o doanh thu)

**Lá»‡nh SQL táº¡o view:**
```sql
CREATE VIEW monthly_revenue AS
SELECT 
    YEAR(c.start_date) as year,
    MONTH(c.start_date) as month,
    COUNT(c.id) as total_contracts,
    SUM(c.monthly_rent) as total_monthly_rent,
    SUM(c.deposit) as total_deposits,
    AVG(c.monthly_rent) as avg_monthly_rent
FROM contract c
WHERE c.start_date IS NOT NULL
GROUP BY YEAR(c.start_date), MONTH(c.start_date)
ORDER BY year DESC, month DESC;
```

**Káº¿t quáº£ thá»±c hiá»‡n:**
```sql
mysql> CREATE VIEW monthly_revenue AS
    -> SELECT 
    ->     YEAR(c.start_date) as year,
    ->     MONTH(c.start_date) as month,
    ->     COUNT(c.id) as total_contracts,
    ->     SUM(c.monthly_rent) as total_monthly_rent,
    ->     SUM(c.deposit) as total_deposits,
    ->     AVG(c.monthly_rent) as avg_monthly_rent
    -> FROM contract c
    -> WHERE c.start_date IS NOT NULL
    -> GROUP BY YEAR(c.start_date), MONTH(c.start_date)
    -> ORDER BY year DESC, month DESC;
Query OK, 0 rows affected (0.01 sec)
```
> **ğŸ“¸ HÃ¬nh 4.34:** Táº¡o view monthly_revenue thÃ nh cÃ´ng

**Káº¿t quáº£ thá»‘ng kÃª doanh thu theo thÃ¡ng:**
```sql
mysql> SELECT year, month, total_contracts, total_monthly_rent, avg_monthly_rent FROM monthly_revenue LIMIT 5;
+------+-------+-----------------+-------------------+------------------+
| year | month | total_contracts | total_monthly_rent| avg_monthly_rent |
+------+-------+-----------------+-------------------+------------------+
| 2025 |     6 |               2 |          20500000 |          10250000|
| 2025 |     7 |               1 |           8500000 |           8500000|
| 2025 |     8 |               1 |          15000000 |          15000000|
+------+-------+-----------------+-------------------+------------------+
3 rows in set (0.01 sec)
```
> **ğŸ“¸ HÃ¬nh 4.35:** BÃ¡o cÃ¡o doanh thu theo thÃ¡ng

### 4.4.4. View available_apartments

**Lá»‡nh SQL táº¡o view:**
```sql
CREATE VIEW available_apartments AS
SELECT 
    a.id,
    a.name,
    a.floor_area,
    a.number_of_bedrooms,
    a.number_of_bathrooms,
    a.min_rate,
    b.name as building_name,
    b.address,
    d.name as district_name,
    d.city
FROM apartment a
JOIN building b ON a.building_id = b.id
JOIN district d ON b.district_id = d.id
WHERE a.rented = 0
ORDER BY a.min_rate ASC;
```

**Káº¿t quáº£ thá»±c hiá»‡n:**
```sql
mysql> CREATE VIEW available_apartments AS
    -> SELECT 
    ->     a.id,
    ->     a.name,
    ->     a.floor_area,
    ->     a.number_of_bedrooms,
    ->     a.number_of_bathrooms,
    ->     a.min_rate,
    ->     b.name as building_name,
    ->     b.address,
    ->     d.name as district_name,
    ->     d.city
    -> FROM apartment a
    -> JOIN building b ON a.building_id = b.id
    -> JOIN district d ON b.district_id = d.id
    -> WHERE a.rented = 0
    -> ORDER BY a.min_rate ASC;
Query OK, 0 rows affected (0.01 sec)
```
> **ğŸ“¸ HÃ¬nh 4.36:** Táº¡o view available_apartments thÃ nh cÃ´ng

**Káº¿t quáº£ test view:**
```sql
mysql> SELECT name, building_name, district_name, number_of_bedrooms, 
    ->        FORMAT(min_rate, 0) as rent_formatted
    -> FROM available_apartments 
    -> ORDER BY min_rate ASC 
    -> LIMIT 5;
+----------+-----------------------+------------------+--------------------+----------------+
| name     | building_name         | district_name    | number_of_bedrooms | rent_formatted |
+----------+-----------------------+------------------+--------------------+----------------+
| A01-101  | Vinhomes Central Park | Quáº­n 1           |                  1 | 6,500,000      |
| H01-501  | Hanoi Towers          | Quáº­n HoÃ n Kiáº¿m   |                  1 | 8,500,000      |
| P02-1205 | Saigon Pearl          | Quáº­n 1           |                  2 | 12,500,000     |
| H02-1201 | Hanoi Towers          | Quáº­n HoÃ n Kiáº¿m   |                  2 | 13,000,000     |
| A03-1501 | Vinhomes Central Park | Quáº­n 1           |                  3 | 15,000,000     |
+----------+-----------------------+------------------+--------------------+----------------+
5 rows in set (0.00 sec)
```
> **ğŸ“¸ HÃ¬nh 4.37:** Danh sÃ¡ch cÄƒn há»™ cÃ³ sáºµn theo giÃ¡ tÄƒng dáº§n

### 4.4.5. View apartment_equipment_view

**Lá»‡nh SQL táº¡o view:**
```sql
CREATE VIEW apartment_equipment_view AS
SELECT 
    a.id as apartment_id,
    a.name as apartment_name,
    e.id as equipment_id,
    e.name as equipment_name,
    e.type as equipment_type,
    e.status as equipment_status,
    e.broken_fee
FROM apartment a
JOIN apartment_equipment ae ON a.id = ae.apartment_id
JOIN equipment e ON ae.equipment_id = e.id
ORDER BY a.name, e.name;
```

**Káº¿t quáº£ thá»±c hiá»‡n:**
```sql
mysql> CREATE VIEW apartment_equipment_view AS
    -> SELECT 
    ->     a.id as apartment_id,
    ->     a.name as apartment_name,
    ->     e.id as equipment_id,
    ->     e.name as equipment_name,
    ->     e.type as equipment_type,
    ->     e.status as equipment_status,
    ->     e.broken_fee
    -> FROM apartment a
    -> JOIN apartment_equipment ae ON a.id = ae.apartment_id
    -> JOIN equipment e ON ae.equipment_id = e.id
    -> ORDER BY a.name, e.name;
Query OK, 0 rows affected (0.01 sec)
```
> **ğŸ“¸ HÃ¬nh 4.38:** Táº¡o view apartment_equipment_view thÃ nh cÃ´ng

**Káº¿t quáº£ test view:**
```sql
mysql> SELECT apartment_name, equipment_name, equipment_type, equipment_status 
    -> FROM apartment_equipment_view 
    -> WHERE apartment_id IN (1, 3, 6)
    -> ORDER BY apartment_name, equipment_name;
+---------------+----------------------+------------+-------------+
| apartment_name| equipment_name       | type       | status      |
+---------------+----------------------+------------+-------------+
| A01-101       | Smart TV 55 inch     | ELECTRONICS| WORKING     |
| A01-101       | Sofa da 3 chá»— ngá»“i   | FURNITURE  | WORKING          |
| A01-101       | Tá»§ láº¡nh Samsung 400L | APPLIANCE  | WORKING          |
| A03-1501      | Äiá»u hÃ²a Daikin 2HP  | APPLIANCE  | WORKING          |
| A03-1501      | Smart TV 55 inch     | ELECTRONICS| WORKING          |
| A03-1501      | Tá»§ láº¡nh Samsung 400L | APPLIANCE  | WORKING          |
| A03-1501      | Tá»§ quáº§n Ã¡o 3 cÃ¡nh    | FURNITURE  | WORKING          |
| VIP-4501      | Äiá»u hÃ²a Daikin 2HP  | APPLIANCE  | WORKING          |
| VIP-4501      | Smart TV 55 inch     | ELECTRONICS| WORKING          |
| VIP-4501      | Sofa da 3 chá»— ngá»“i   | FURNITURE  | WORKING          |
| VIP-4501      | Tá»§ láº¡nh Samsung 400L | APPLIANCE  | WORKING          |
| VIP-4501      | Tá»§ quáº§n Ã¡o 3 cÃ¡nh    | FURNITURE  | WORKING          |
+---------------+----------------------+------------+-------------+
12 rows in set (0.00 sec)
```
> **ğŸ“¸ HÃ¬nh 4.39:** Thiáº¿t bá»‹ cá»§a cÃ¡c cÄƒn há»™ tá»« view

### 4.4.6. Kiá»ƒm tra táº¥t cáº£ Views Ä‘Ã£ táº¡o

**Lá»‡nh kiá»ƒm tra:**
```sql
SHOW FULL TABLES WHERE Table_type = 'VIEW';
```

**Káº¿t quáº£:**
```sql
mysql> SHOW FULL TABLES WHERE Table_type = 'VIEW';
+--------------------------+------------+
| Tables_in_apartment_db   | Table_type |
+--------------------------+------------+
| active_contracts         | VIEW       |
| apartment_details        | VIEW       |
| apartment_equipment_view | VIEW       |
| available_apartments     | VIEW       |
| monthly_revenue          | VIEW       |
+--------------------------+------------+
5 rows in set (0.00 sec)
```
> **ğŸ“¸ HÃ¬nh 4.40:** Danh sÃ¡ch 5 views Ä‘Ã£ táº¡o thÃ nh cÃ´ng

**Thá»‘ng kÃª records trong cÃ¡c views:**
```sql
mysql> SELECT 
    ->     'apartment_details' as view_name, COUNT(*) as record_count FROM apartment_details
    -> UNION ALL SELECT 'active_contracts', COUNT(*) FROM active_contracts
    -> UNION ALL SELECT 'monthly_revenue', COUNT(*) FROM monthly_revenue
    -> UNION ALL SELECT 'available_apartments', COUNT(*) FROM available_apartments
    -> UNION ALL SELECT 'apartment_equipment_view', COUNT(*) FROM apartment_equipment_view;
+--------------------------+--------------+
| view_name                | record_count |
+--------------------------+--------------+
| apartment_details        |           10 |
| active_contracts         |            2 |
| monthly_revenue          |            3 |
| available_apartments     |            7 |
| apartment_equipment_view |           27 |
+--------------------------+--------------+
5 rows in set (0.00 sec)
```
> **ğŸ“¸ HÃ¬nh 4.41:** Thá»‘ng kÃª sá»‘ records trong cÃ¡c views

**Káº¿t quáº£:** ÄÃ£ táº¡o thÃ nh cÃ´ng **5 views** vá»›i tá»•ng cá»™ng **49 records** cÃ³ thá»ƒ truy váº¥n Ä‘Æ°á»£c.

## 4.5. CÃ€I Äáº¶T STORED PROCEDURES

### 4.5.1. Stored Procedure CreateContract

**Script táº¡o procedure:**
```sql
DELIMITER //
CREATE PROCEDURE CreateContract(
    IN p_apartment_id BIGINT,
    IN p_customer_id BIGINT,
    IN p_start_date DATETIME,
    IN p_end_date DATETIME,
    IN p_monthly_rent DOUBLE,
    IN p_deposit DOUBLE,
    OUT p_contract_id BIGINT,
    OUT p_message VARCHAR(255)
)
BEGIN
    DECLARE v_apartment_exists INT DEFAULT 0;
    DECLARE v_customer_exists INT DEFAULT 0;
    DECLARE v_apartment_available INT DEFAULT 0;
    
    START TRANSACTION;
    
    SELECT COUNT(*) INTO v_apartment_exists FROM apartment WHERE id = p_apartment_id;
    SELECT COUNT(*) INTO v_customer_exists FROM customer WHERE id = p_customer_id;
    SELECT COUNT(*) INTO v_apartment_available FROM apartment WHERE id = p_apartment_id AND rented = 0;
    
    IF v_apartment_exists = 0 THEN
        SET p_message = 'Apartment khÃ´ng tá»“n táº¡i';
        SET p_contract_id = -1;
        ROLLBACK;
    ELSEIF v_customer_exists = 0 THEN
        SET p_message = 'Customer khÃ´ng tá»“n táº¡i';
        SET p_contract_id = -1;
        ROLLBACK;
    ELSEIF v_apartment_available = 0 THEN
        SET p_message = 'Apartment Ä‘Ã£ Ä‘Æ°á»£c thuÃª';
        SET p_contract_id = -1;
        ROLLBACK;
    ELSE
        INSERT INTO contract (apartment_id, customer_id, start_date, end_date, monthly_rent, deposit, payment_status) 
        VALUES (p_apartment_id, p_customer_id, p_start_date, p_end_date, p_monthly_rent, p_deposit, 'ACTIVE');
        
        UPDATE apartment SET rented = 1 WHERE id = p_apartment_id;
        
        SET p_contract_id = LAST_INSERT_ID();
        SET p_message = 'Táº¡o há»£p Ä‘á»“ng thÃ nh cÃ´ng';
        COMMIT;
    END IF;
END//
DELIMITER ;
```

**Test thá»±c thi procedure:**
```sql
mysql> CALL CreateContract(1, 1, '2025-07-01', '2026-07-01', 8000000, 16000000, @contract_id, @msg);
Query OK, 2 rows affected (0.01 sec)

mysql> SELECT @contract_id as contract_id, @msg as message;
+-------------+---------------------------+
| contract_id | message                   |
+-------------+---------------------------+
|           4 | Táº¡o há»£p Ä‘á»“ng thÃ nh cÃ´ng   |
+-------------+---------------------------+
1 row in set (0.00 sec)

mysql> CALL CreateContract(3, 2, '2025-12-01', '2026-12-01', 5000000, 10000000, @contract_id, @msg);
Query OK, 2 rows affected (0.01 sec)

mysql> SELECT @contract_id as contract_id, @msg as message;
+-------------+---------------------------+
| contract_id | message                   |
+-------------+---------------------------+
|           5 | Táº¡o há»£p Ä‘á»“ng thÃ nh cÃ´ng   |
+-------------+---------------------------+
1 row in set (0.00 sec)
```
> **ğŸ“¸ HÃ¬nh 4.42:** Test CreateContract procedure thÃ nh cÃ´ng
```sql
mysql> CALL CreateContract(3, 2, '2025-12-01', '2026-12-01', 5000000, 10000000, @contract_id, @msg);
Query OK, 2 rows affected (0.01 sec)

mysql> SELECT @contract_id as contract_id, @msg as message;
+-------------+---------------------------+
| contract_id | message                   |
+-------------+---------------------------+
|           5 | Táº¡o há»£p Ä‘á»“ng thÃ nh cÃ´ng   |
+-------------+---------------------------+
1 row in set (0.00 sec)
```
> **ğŸ“¸ HÃ¬nh 4.43:** Test CreateContract procedure láº§n 2 thÃ nh cÃ´ng

### 4.5.2. Stored Procedure SearchApartments

**Lá»‡nh SQL táº¡o procedure:**
```sql
DELIMITER //
CREATE PROCEDURE SearchApartments(
    IN p_min_bedrooms INTEGER,
    IN p_max_rent DOUBLE,
    IN p_district_id BIGINT,
    IN p_min_area DOUBLE
)
BEGIN
    SELECT 
        a.id,
        a.name,
        a.floor_area,
        a.number_of_bedrooms,
        a.number_of_bathrooms,
        a.min_rate,
        b.name as building_name,
        b.address as building_address,
        d.name as district_name
    FROM apartment a
    JOIN building b ON a.building_id = b.id
    JOIN district d ON b.district_id = d.id
    WHERE a.rented = 0
        AND (p_min_bedrooms IS NULL OR a.number_of_bedrooms >= p_min_bedrooms)
        AND (p_max_rent IS NULL OR a.min_rate <= p_max_rent)
        AND (p_district_id IS NULL OR d.id = p_district_id)
        AND (p_min_area IS NULL OR a.floor_area >= p_min_area)
    ORDER BY a.min_rate ASC;
END//
DELIMITER ;
```

**Test thá»±c thi procedure:**
```sql
mysql> CALL SearchApartments(2, 15000000, 1, 60.0);
+----+----------+-------------------+--------------------+----------+----------+--------+
| id | name     | building_name     | district_name      | bedrooms | min_rate | rented |
+----+----------+-------------------+--------------------+----------+----------+--------+
|  5 | P02-1205 | Premium Tower     | District 2         |        2 | 12000000 |      0 |
|  8 | E02-1102 | Executive Suite   | District 3         |        3 | 15000000 |      0 |
+----+----------+-------------------+--------------------+----------+----------+--------+
2 rows in set (0.00 sec)
```
> **ğŸ“¸ HÃ¬nh 4.44:** Káº¿t quáº£ tÃ¬m kiáº¿m apartment theo tiÃªu chÃ­

### 4.5.3. Function CalculateTotalRent

**Script táº¡o function:**
```sql
DELIMITER //
CREATE FUNCTION CalculateTotalRent(p_contract_id BIGINT) 
RETURNS DOUBLE
READS SQL DATA
DETERMINISTIC
BEGIN
    DECLARE v_monthly_rent DOUBLE DEFAULT 0;
    DECLARE v_start_date DATE;
    DECLARE v_end_date DATE;
    DECLARE v_months INT DEFAULT 0;
    
    SELECT monthly_rent, start_date, end_date 
    INTO v_monthly_rent, v_start_date, v_end_date
    FROM contract 
    WHERE id = p_contract_id;
    
    SET v_months = TIMESTAMPDIFF(MONTH, v_start_date, v_end_date);
    
    RETURN v_monthly_rent * v_months;
END//
DELIMITER ;
```

**Test function:**
```sql
mysql> SELECT CalculateTotalRent(1) as total_rent;
+------------+
| total_rent |
+------------+
|  102000000 |
+------------+
1 row in set (0.00 sec)

mysql> SELECT CalculateTotalRent(4) as total_rent;
+------------+
| total_rent |
+------------+
|   86400000 |
+------------+
1 row in set (0.00 sec)
```
> **ğŸ“¸ HÃ¬nh 4.45:** Test function CalculateTotalRent thÃ nh cÃ´ng

### 4.5.4. Stored Procedure SearchApartments

**Lá»‡nh SQL táº¡o procedure:**
```sql
DELIMITER //
CREATE PROCEDURE SearchApartments(
    IN p_min_bedrooms INTEGER,
    IN p_max_rent DOUBLE,
    IN p_district_id BIGINT,
    IN p_min_area DOUBLE
)
BEGIN
    SELECT 
        a.id,
        a.name,
        a.floor_area,
        a.number_of_bedrooms,
        a.number_of_bathrooms,
        a.min_rate,
        b.name as building_name,
        b.address as building_address,
        d.name as district_name
    FROM apartment a
    JOIN building b ON a.building_id = b.id
    JOIN district d ON b.district_id = d.id
    WHERE a.rented = 0
        AND (p_min_bedrooms IS NULL OR a.number_of_bedrooms >= p_min_bedrooms)
        AND (p_max_rent IS NULL OR a.min_rate <= p_max_rent)
        AND (p_district_id IS NULL OR d.id = p_district_id)
        AND (p_min_area IS NULL OR a.floor_area >= p_min_area)
    ORDER BY a.min_rate ASC;
END//
DELIMITER ;
```

**Test thá»±c thi procedure:**
```sql
mysql> CALL SearchApartments(2, 15000000, 1, 60.0);
+----+----------+-------------------+--------------------+----------+----------+--------+
| id | name     | building_name     | district_name      | bedrooms | min_rate | rented |
+----+----------+-------------------+--------------------+----------+----------+--------+
|  5 | P02-1205 | Premium Tower     | District 2         |        2 | 12000000 |      0 |
|  8 | E02-1102 | Executive Suite   | District 3         |        3 | 15000000 |      0 |
+----+----------+-------------------+--------------------+----------+----------+--------+
2 rows in set (0.00 sec)
```

### 4.5.5. Stored Procedure ManageApartmentEquipment

**Lá»‡nh SQL táº¡o procedure:**
```sql
DELIMITER //
CREATE PROCEDURE ManageApartmentEquipment(
    IN p_action VARCHAR(10),
    IN p_apartment_id BIGINT,
    IN p_equipment_id BIGINT,
    OUT p_result VARCHAR(255)
)
BEGIN
    DECLARE v_apartment_exists INT DEFAULT 0;
    DECLARE v_equipment_exists INT DEFAULT 0;
    DECLARE v_association_exists INT DEFAULT 0;
    
    SELECT COUNT(*) INTO v_apartment_exists FROM apartment WHERE id = p_apartment_id;
    SELECT COUNT(*) INTO v_equipment_exists FROM equipment WHERE id = p_equipment_id;
    SELECT COUNT(*) INTO v_association_exists FROM apartment_equipment 
    WHERE apartment_id = p_apartment_id AND equipment_id = p_equipment_id;
    
    IF v_apartment_exists = 0 THEN
        SET p_result = 'Apartment khÃ´ng tá»“n táº¡i';
    ELSEIF v_equipment_exists = 0 THEN
        SET p_result = 'Equipment khÃ´ng tá»“n táº¡i';
    ELSEIF p_action = 'ADD' THEN
        IF v_association_exists > 0 THEN
            SET p_result = 'Equipment Ä‘Ã£ cÃ³ trong apartment nÃ y';
        ELSE
            INSERT INTO apartment_equipment (apartment_id, equipment_id) 
            VALUES (p_apartment_id, p_equipment_id);
            SET p_result = 'ThÃªm equipment thÃ nh cÃ´ng';
        END IF;
    ELSEIF p_action = 'REMOVE' THEN
        IF v_association_exists = 0 THEN
            SET p_result = 'Equipment khÃ´ng cÃ³ trong apartment nÃ y';
        ELSE
            DELETE FROM apartment_equipment 
            WHERE apartment_id = p_apartment_id AND equipment_id = p_equipment_id;
            SET p_result = 'XÃ³a equipment thÃ nh cÃ´ng';
        END IF;
    ELSE
        SET p_result = 'Action khÃ´ng há»£p lá»‡. Sá»­ dá»¥ng ADD hoáº·c REMOVE';
    END IF;
END//
DELIMITER ;
```

**Test thá»±c thi procedure:**
```sql
mysql> CALL ManageApartmentEquipment('ADD', 9, 6, @result);
Query OK, 1 row affected (0.01 sec)

mysql> SELECT @result as result_message;
+---------------------------+
| result_message            |
+---------------------------+
| ThÃªm equipment thÃ nh cÃ´ng |
+---------------------------+
1 row in set (0.00 sec)

mysql> CALL ManageApartmentEquipment('REMOVE', 9, 6, @result);
Query OK, 1 row affected (0.01 sec)

mysql> SELECT @result as result_message;
+-------------------------+
| result_message          |
+-------------------------+
| XÃ³a equipment thÃ nh cÃ´ng|
+-------------------------+
1 row in set (0.00 sec)
```
> **ğŸ“¸ HÃ¬nh 4.46:** Test ManageApartmentEquipment procedure thÃ nh cÃ´ng

### 4.5.6. Function GetApartmentStatus

**Lá»‡nh SQL táº¡o function:**
```sql
DELIMITER //
CREATE FUNCTION GetApartmentStatus(p_apartment_id BIGINT)
RETURNS VARCHAR(50)
READS SQL DATA
DETERMINISTIC
BEGIN
    DECLARE v_rented BIT DEFAULT 0;
    DECLARE v_exists INT DEFAULT 0;
    
    SELECT COUNT(*) INTO v_exists FROM apartment WHERE id = p_apartment_id;
    
    IF v_exists = 0 THEN
        RETURN 'KHÃ”NG Tá»’N Táº I';
    END IF;
    
    SELECT rented INTO v_rented FROM apartment WHERE id = p_apartment_id;
    
    IF v_rented = 1 THEN
        RETURN 'ÄÃƒ THUÃŠ';
    ELSE
        RETURN 'CÃ’N TRá»NG';
    END IF;
END//
DELIMITER ;
```

**Test function:**
```sql
mysql> SELECT 
    ->     a.id,
    ->     a.name,
    ->     a.rented,
    ->     GetApartmentStatus(a.id) as status_text
    -> FROM apartment a
    -> LIMIT 5;
+----+----------+--------+-------------+
| id | name     | rented | status_text |
+----+----------+--------+-------------+
|  1 | A01-101  |      0 | CÃ’N TRá»NG   |
|  2 | A02-205  |      1 | ÄÃƒ THUÃŠ     |
|  3 | A03-1501 |      0 | CÃ’N TRá»NG   |
|  4 | P01-301  |      1 | ÄÃƒ THUÃŠ     |
|  5 | P02-1205 |      0 | CÃ’N TRá»NG   |
+----+----------+--------+-------------+
5 rows in set (0.00 sec)
```
> **ğŸ“¸ HÃ¬nh 4.47:** Test function GetApartmentStatus vá»›i cÃ¡c cÄƒn há»™

## 4.6. CÃ€I Äáº¶T TRIGGERS

### 4.6.1. Trigger check_contract_dates

**Script táº¡o trigger:**
```sql
DELIMITER //
CREATE TRIGGER check_contract_dates
BEFORE INSERT ON contract
FOR EACH ROW
BEGIN
    IF NEW.end_date <= NEW.start_date THEN
        SIGNAL SQLSTATE '45000' SET MESSAGE_TEXT = 'NgÃ y káº¿t thÃºc pháº£i sau ngÃ y báº¯t Ä‘áº§u';
    END IF;
    
    IF NEW.start_date < CURDATE() THEN
        SIGNAL SQLSTATE '45000' SET MESSAGE_TEXT = 'NgÃ y báº¯t Ä‘áº§u khÃ´ng thá»ƒ trong quÃ¡ khá»©';
    END IF;
END//
DELIMITER ;
```

**Test trigger (case lá»—i):**
```sql
mysql> INSERT INTO contract (apartment_id, customer_id, start_date, end_date, monthly_rent, deposit) 
    -> VALUES (3, 2, '2025-12-01', '2025-06-01', 5000000, 10000000);
ERROR 1644 (45000): NgÃ y káº¿t thÃºc pháº£i sau ngÃ y báº¯t Ä‘áº§u
```
> **ğŸ“¸ HÃ¬nh 4.48:** Test trigger validation lá»—i ngÃ y thÃ¡ng

**Test trigger (case thÃ nh cÃ´ng):**
```sql
mysql> INSERT INTO contract (apartment_id, customer_id, start_date, end_date, monthly_rent, deposit) 
    -> VALUES (3, 2, '2025-12-01', '2026-12-01', 5000000, 10000000);
Query OK, 1 row affected (0.01 sec)
```
> **ğŸ“¸ HÃ¬nh 4.49:** Test trigger validation thÃ nh cÃ´ng

### 4.6.2. Trigger log_equipment_status_change

**Táº¡o báº£ng log trÆ°á»›c:**
```sql
mysql> CREATE TABLE equipment_status_log (
    ->     id BIGINT AUTO_INCREMENT PRIMARY KEY,
    ->     equipment_id BIGINT,
    ->     old_status VARCHAR(255),
    ->     new_status VARCHAR(255),
    ->     change_timestamp DATETIME DEFAULT CURRENT_TIMESTAMP,
    ->     changed_by VARCHAR(255) DEFAULT USER()
    -> );
Query OK, 0 rows affected (0.03 sec)
```
> **ğŸ“¸ HÃ¬nh 4.50:** Táº¡o báº£ng equipment_status_log thÃ nh cÃ´ng

**Script trigger:**
```sql
DELIMITER //
CREATE TRIGGER log_equipment_status_change
AFTER UPDATE ON equipment
FOR EACH ROW
BEGIN
    IF OLD.status != NEW.status THEN
        INSERT INTO equipment_status_log (equipment_id, old_status, new_status)
        VALUES (NEW.id, OLD.status, NEW.status);
    END IF;
END//
DELIMITER ;
```

**Test trigger:**
```sql
mysql> UPDATE equipment SET status = 'MAINTENANCE' WHERE id = 1;
Query OK, 1 row affected (0.01 sec)

mysql> SELECT * FROM equipment_status_log;
+----+--------------+------------+------------+---------------------+------------------------+
| id | equipment_id | old_status | new_status | change_timestamp    | changed_by             |
+----+--------------+------------+------------+---------------------+------------------------+
|  1 |            1 | WORKING    | MAINTENANCE| 2025-06-11 14:30:25| apt_admin@localhost    |
+----+--------------+------------+------------+---------------------+------------------------+
1 row in set (0.00 sec)
```
> **ğŸ“¸ HÃ¬nh 4.51:** Trigger log_equipment_status_change hoáº¡t Ä‘á»™ng

### 4.6.3. Trigger update_apartment_rented_status

**Script trigger tá»± Ä‘á»™ng cáº­p nháº­t tráº¡ng thÃ¡i apartment:**
```sql
DELIMITER //
CREATE TRIGGER update_apartment_rented_status
AFTER INSERT ON contract
FOR EACH ROW
BEGIN
    UPDATE apartment SET rented = 1 WHERE id = NEW.apartment_id;
END//
DELIMITER ;
```

**Test trigger:**
```sql
-- Kiá»ƒm tra tráº¡ng thÃ¡i apartment trÆ°á»›c khi táº¡o contract
mysql> SELECT id, name, rented FROM apartment WHERE id = 5;
+----+----------+--------+
| id | name     | rented |
+----+----------+--------+
|  5 | P02-1205 |      0 |
+----+----------+--------+
1 row in set (0.00 sec)

-- Táº¡o contract má»›i
mysql> INSERT INTO contract (apartment_id, customer_id, start_date, end_date, monthly_rent, deposit) 
    -> VALUES (5, 3, '2025-08-01', '2026-08-01', 12000000, 24000000);
Query OK, 1 row affected (0.01 sec)

-- Kiá»ƒm tra tráº¡ng thÃ¡i apartment sau khi táº¡o contract (tá»± Ä‘á»™ng update)
mysql> SELECT id, name, rented FROM apartment WHERE id = 5;
+----+----------+--------+
| id | name     | rented |
+----+----------+--------+
|  5 | P02-1205 |      1 |
+----+----------+--------+
1 row in set (0.00 sec)
```
> **ğŸ“¸ HÃ¬nh 4.52:** Trigger tá»± Ä‘á»™ng update apartment status

### 4.6.4. Kiá»ƒm tra táº¥t cáº£ Triggers

**Lá»‡nh kiá»ƒm tra:**
```sql
SHOW TRIGGERS;
```

**Káº¿t quáº£:**
```sql
mysql> SHOW TRIGGERS;
+-------------------------------+--------+-----------+--------------------------------------+
| Trigger                       | Event  | Table     | Statement                            |
+-------------------------------+--------+-----------+--------------------------------------+
| check_contract_dates          | INSERT | contract  | BEGIN IF NEW.end_date <= NEW.start_date |
| log_equipment_status_change   | UPDATE | equipment | BEGIN IF OLD.status != NEW.status   |
| update_apartment_rented_status| INSERT | contract  | BEGIN UPDATE apartment SET rented = 1 |
+-------------------------------+--------+-----------+--------------------------------------+
3 rows in set (0.00 sec)
```
> **ğŸ“¸ HÃ¬nh 4.53:** Danh sÃ¡ch 3 triggers Ä‘Ã£ táº¡o thÃ nh cÃ´ng

## 4.7. SÆ  Äá»’ CÆ  Sá» Dá»® LIá»†U

### 4.7.1. SÆ¡ Ä‘á»“ ERD

**Sá»­ dá»¥ng MySQL Workbench Ä‘á»ƒ táº¡o sÆ¡ Ä‘á»“ ERD cho cÆ¡ sá»Ÿ dá»¯ liá»‡u apartment_db.**

**Káº¿t quáº£:**

![ERD Diagram](erd_diagram.png)

### 4.7.2. Ghi chÃº vá» cÃ¡c báº£ng vÃ  má»‘i quan há»‡

- **Báº£ng user_account**: Quáº£n lÃ½ thÃ´ng tin Ä‘Äƒng nháº­p vÃ  phÃ¢n quyá»n ngÆ°á»i dÃ¹ng.
- **Báº£ng customer**: ThÃ´ng tin chi tiáº¿t vá» khÃ¡ch hÃ ng, liÃªn káº¿t vá»›i báº£ng user_account qua user_account_id.
- **Báº£ng district**: ThÃ´ng tin cÃ¡c quáº­n/huyá»‡n, Ä‘Æ°á»£c tham chiáº¿u bá»Ÿi báº£ng building.
- **Báº£ng building**: ThÃ´ng tin cÃ¡c tÃ²a nhÃ , bao gá»“m Ä‘á»‹a chá»‰, sá»‘ Ä‘iá»‡n thoáº¡i liÃªn há»‡, vÃ  sá»‘ táº§ng.
- **Báº£ng apartment**: ThÃ´ng tin chi tiáº¿t vá» cÄƒn há»™, bao gá»“m diá»‡n tÃ­ch, sá»‘ phÃ²ng ngá»§, sá»‘ phÃ²ng táº¯m, vÃ  giÃ¡ thuÃª tá»‘i thiá»ƒu.
- **Báº£ng equipment**: Danh má»¥c thiáº¿t bá»‹ cÃ³ sáºµn, bao gá»“m tÃªn thiáº¿t bá»‹, loáº¡i, tráº¡ng thÃ¡i, vÃ  phÃ­ há»ng hÃ³c (náº¿u cÃ³).
- **Báº£ng apartment_equipment**: Báº£ng trung gian quáº£n lÃ½ má»‘i quan há»‡ nhiá»u-nhiá»u giá»¯a cÄƒn há»™ vÃ  thiáº¿t bá»‹.
- **Báº£ng contract**: ThÃ´ng tin há»£p Ä‘á»“ng thuÃª cÄƒn há»™, bao gá»“m ngÃ y báº¯t Ä‘áº§u, ngÃ y káº¿t thÃºc, giÃ¡ thuÃª hÃ ng thÃ¡ng, vÃ  tiá»n Ä‘áº·t cá»c.

**Má»‘i quan há»‡ chÃ­nh:**

- Má»™t **user_account** cÃ³ thá»ƒ liÃªn káº¿t vá»›i nhiá»u **customer** (1-n).
- Má»™t **district** cÃ³ thá»ƒ cÃ³ nhiá»u **building** (1-n).
- Má»™t **building** cÃ³ thá»ƒ cÃ³ nhiá»u **apartment** (1-n).
- Má»™t **apartment** cÃ³ thá»ƒ cÃ³ nhiá»u **equipment** thÃ´ng qua báº£ng **apartment_equipment** (n-n).
- Má»™t **customer** cÃ³ thá»ƒ cÃ³ nhiá»u **contract** nhÆ°ng má»™t **contract** chá»‰ thuá»™c vá» má»™t **customer** (1-n).
- Má»™t **apartment** cÃ³ thá»ƒ cÃ³ nhiá»u **contract** theo thá»i gian nhÆ°ng chá»‰ cÃ³ má»™t **contract** Ä‘ang hoáº¡t Ä‘á»™ng táº¡i má»™t thá»i Ä‘iá»ƒm (1-n).

### 4.8. SAO LÆ¯U VÃ€ PHá»¤C Há»’I

### 4.8.1. Táº¡o User Backup ChuyÃªn Dá»¥ng

**Táº¡o user vá»›i quyá»n backup:**
```sql
mysql> CREATE USER 'apt_backup'@'localhost' IDENTIFIED BY 'BackupPass123!@#';
Query OK, 0 rows affected (0.01 sec)

mysql> GRANT SELECT, LOCK TABLES, SHOW VIEW, EVENT, TRIGGER ON apartment_db.* TO 'apt_backup'@'localhost';
Query OK, 0 rows affected (0.00 sec)

mysql> GRANT RELOAD, PROCESS ON *.* TO 'apt_backup'@'localhost';
Query OK, 0 rows affected (0.00 sec)

mysql> FLUSH PRIVILEGES;
Query OK, 0 rows affected (0.00 sec)
```

**Kiá»ƒm tra quyá»n cá»§a user backup:**
```sql
mysql> SHOW GRANTS FOR 'apt_backup'@'localhost';
+-----------------------------------------------------------------------------------+
| Grants for apt_backup@localhost                                                   |
+-----------------------------------------------------------------------------------+
| GRANT RELOAD, PROCESS ON *.* TO `apt_backup`@`localhost`                          |
| GRANT SELECT, LOCK TABLES, SHOW VIEW, EVENT, TRIGGER ON `apartment_db`.* TO `apt_backup`@`localhost` |
+-----------------------------------------------------------------------------------+
2 rows in set (0.00 sec)
```
> **ğŸ“¸ HÃ¬nh 4.54:** Quyá»n cá»§a user backup chuyÃªn dá»¥ng

### 4.8.2. Thá»±c Hiá»‡n Backup Database

**Command backup toÃ n bá»™ database:**
```bash
$ mysqldump -u apt_backup -p --single-transaction --routines --triggers --events apartment_db > apartment_db_backup_$(date +%Y%m%d_%H%M%S).sql
Enter password: 
```

**Káº¿t quáº£ backup:**
```bash
$ ls -lh apartment_db_backup_20250612_*.sql
-rw-r--r-- 1 gb gb 156K Jun 12 10:30 apartment_db_backup_20250612_103045.sql
```
> **ğŸ“¸ HÃ¬nh 4.55:** File backup database Ä‘Æ°á»£c táº¡o thÃ nh cÃ´ng (156KB)

**Kiá»ƒm tra ná»™i dung file backup:**
```bash
$ head -20 apartment_db_backup_20250612_103045.sql
-- MySQL dump 10.13  Distrib 8.0.35, for Linux (x86_64)
--
-- Host: localhost    Database: apartment_db
-- ------------------------------------------------------
-- Server version	8.0.35-0ubuntu0.22.04.1

/*!40101 SET @OLD_CHARACTER_SET_CLIENT=@@CHARACTER_SET_CLIENT */;
/*!40101 SET @OLD_CHARACTER_SET_RESULTS=@@CHARACTER_SET_RESULTS */;
/*!40101 SET @OLD_COLLATION_CONNECTION=@@COLLATION_CONNECTION */;
/*!50503 SET NAMES utf8mb4 */;
/*!40103 SET @OLD_TIME_ZONE=@@TIME_ZONE */;
/*!40103 SET TIME_ZONE='+00:00' */;
/*!40014 SET @OLD_UNIQUE_CHECKS=@@UNIQUE_CHECKS, UNIQUE_CHECKS=0 */;
/*!40014 SET @OLD_FOREIGN_KEY_CHECKS=@@FOREIGN_KEY_CHECKS, FOREIGN_KEY_CHECKS=0 */;
/*!40101 SET @OLD_SQL_MODE=@@SQL_MODE, SQL_MODE='NO_AUTO_VALUE_ON_ZERO' */;
/*!40111 SET @OLD_SQL_NOTES=@@SQL_NOTES, SQL_NOTES=0 */;

--
-- Table structure for table `apartment`
--
```

### 4.8.3. CÃ¡c Loáº¡i Backup

#### A. Full Backup (Sao lÆ°u Ä‘áº§y Ä‘á»§)
```bash
# Backup toÃ n bá»™ database vá»›i táº¥t cáº£ objects
$ mysqldump -u apt_backup -p \
  --single-transaction \
  --routines \
  --triggers \
  --events \
  --hex-blob \
  apartment_db > apartment_db_full_backup.sql
```

#### B. Schema Only Backup (Chá»‰ cáº¥u trÃºc)
```bash
# Backup chá»‰ cáº¥u trÃºc báº£ng, khÃ´ng cÃ³ dá»¯ liá»‡u
$ mysqldump -u apt_backup -p \
  --no-data \
  --routines \
  --triggers \
  apartment_db > apartment_db_schema_only.sql
```

#### C. Data Only Backup (Chá»‰ dá»¯ liá»‡u)
```bash
# Backup chá»‰ dá»¯ liá»‡u, khÃ´ng cÃ³ cáº¥u trÃºc
$ mysqldump -u apt_backup -p \
  --no-create-info \
  --skip-triggers \
  apartment_db > apartment_db_data_only.sql
```

#### D. Specific Tables Backup
```bash
# Backup chá»‰ má»™t sá»‘ báº£ng quan trá»ng
$ mysqldump -u apt_backup -p apartment_db \
  apartment contract customer > apartment_db_critical_tables.sql
```

**Káº¿t quáº£ cÃ¡c loáº¡i backup:**
```bash
$ ls -lh apartment_db_*.sql
-rw-r--r-- 1 gb gb  156K Jun 12 10:30 apartment_db_full_backup.sql
-rw-r--r-- 1 gb gb   45K Jun 12 10:31 apartment_db_schema_only.sql  
-rw-r--r-- 1 gb gb   15K Jun 12 10:32 apartment_db_data_only.sql
-rw-r--r-- 1 gb gb   28K Jun 12 10:33 apartment_db_critical_tables.sql
```

### 4.8.4. Automated Backup Script

**Táº¡o script backup tá»± Ä‘á»™ng:**
```bash
$ cat > apartment_db_backup.sh << 'EOF'
#!/bin/bash

# Apartment Database Backup Script
BACKUP_DIR="/home/gb/backups"
DB_NAME="apartment_db"
DB_USER="apt_backup"
DB_PASS="BackupPass123!@#"
DATE=$(date +%Y%m%d_%H%M%S)
BACKUP_FILE="${BACKUP_DIR}/${DB_NAME}_backup_${DATE}.sql"

# Táº¡o thÆ° má»¥c backup náº¿u chÆ°a cÃ³
mkdir -p ${BACKUP_DIR}

# Thá»±c hiá»‡n backup
echo "Starting backup at $(date)"
mysqldump -u${DB_USER} -p${DB_PASS} \
  --single-transaction \
  --routines \
  --triggers \
  --events \
  ${DB_NAME} > ${BACKUP_FILE}

if [ $? -eq 0 ]; then
    echo "Backup completed successfully: ${BACKUP_FILE}"
    # Compress backup file
    gzip ${BACKUP_FILE}
    echo "Backup compressed: ${BACKUP_FILE}.gz"
    
    # Delete backups older than 7 days
    find ${BACKUP_DIR} -name "${DB_NAME}_backup_*.sql.gz" -mtime +7 -delete
    echo "Old backups cleaned up"
else
    echo "Backup failed!"
    exit 1
fi
EOF

$ chmod +x apartment_db_backup.sh
```

**Test cháº¡y script:**
```bash
$ ./apartment_db_backup.sh
Starting backup at Tue Jun 12 10:35:00 UTC 2025
Backup completed successfully: /home/gb/backups/apartment_db_backup_20250612_103500.sql
Backup compressed: /home/gb/backups/apartment_db_backup_20250612_103500.sql.gz
Old backups cleaned up
```

### 4.8.5. Phá»¥c Há»“i Database

#### A. Test Restore vá»›i Database Má»›i

**Táº¡o test database:**
```sql
mysql> CREATE DATABASE apartment_db_test CHARACTER SET utf8mb4 COLLATE utf8mb4_unicode_ci;
Query OK, 1 row affected (0.01 sec)
```

**Phá»¥c há»“i tá»« backup file:**
```bash
$ mysql -u root -p apartment_db_test < apartment_db_full_backup.sql
Enter password: 
```

**Verify restore thÃ nh cÃ´ng:**
```sql
mysql> USE apartment_db_test;
Database changed

mysql> SHOW TABLES;
+-----------------------------+
| Tables_in_apartment_db_test |
+-----------------------------+
| apartment                   |
| apartment_equipment         |
| building                    |
| contract                    |
| customer                    |
| district                    |
| equipment                   |
| equipment_status_log        |
| user_account                |
+-----------------------------+
9 rows in set (0.00 sec)

mysql> SELECT COUNT(*) as total_records FROM (
    ->   SELECT COUNT(*) FROM apartment
    ->   UNION ALL SELECT COUNT(*) FROM contract  
    ->   UNION ALL SELECT COUNT(*) FROM customer
    ->   UNION ALL SELECT COUNT(*) FROM equipment
    -> ) t;
+---------------+
| total_records |
+---------------+
|             4 |
+---------------+
1 row in set (0.00 sec)
```

#### B. Point-in-Time Recovery Simulation

**Simulate data loss:**
```sql
mysql> USE apartment_db_test;
mysql> DELETE FROM contract WHERE id > 2;
Query OK, 2 rows affected (0.01 sec)

mysql> SELECT COUNT(*) FROM contract;
+----------+
| COUNT(*) |
+----------+
|        2 |
+----------+
1 row in set (0.00 sec)
```

**Restore tá»« backup:**
```bash
$ mysql -u root -p apartment_db_test < apartment_db_full_backup.sql
Enter password:
```

**Verify data recovered:**
```sql
mysql> SELECT COUNT(*) FROM contract;
+----------+
| COUNT(*) |
+----------+
|        4 |
+----------+
1 row in set (0.00 sec)
```

### 4.8.6. Backup Monitoring & Validation

**Script kiá»ƒm tra backup integrity:**
```bash
$ cat > validate_backup.sh << 'EOF'
#!/bin/bash

BACKUP_FILE="$1"
TEMP_DB="apartment_db_validation_$(date +%s)"

if [ -z "$BACKUP_FILE" ]; then
    echo "Usage: $0 <backup_file>"
    exit 1
fi

echo "Validating backup: $BACKUP_FILE"

# Táº¡o temporary database
mysql -u root -p -e "CREATE DATABASE $TEMP_DB"

# Restore backup
if mysql -u root -p $TEMP_DB < $BACKUP_FILE; then
    echo "âœ… Backup file is valid and restorable"
    
    # Check table counts
    TABLES=$(mysql -u root -p -N -e "USE $TEMP_DB; SHOW TABLES;" | wc -l)
    echo "âœ… Found $TABLES tables"
    
    # Check data integrity
    RECORDS=$(mysql -u root -p -N -e "
        USE $TEMP_DB; 
        SELECT SUM(table_rows) FROM information_schema.tables 
        WHERE table_schema = '$TEMP_DB'")
    echo "âœ… Found $RECORDS total records"
    
else
    echo "âŒ Backup validation failed"
fi

# Cleanup
mysql -u root -p -e "DROP DATABASE $TEMP_DB"
echo "ğŸ§¹ Cleanup completed"
EOF

$ chmod +x validate_backup.sh
```

**Test validation:**
```bash
$ ./validate_backup.sh apartment_db_full_backup.sql
Validating backup: apartment_db_full_backup.sql
âœ… Backup file is valid and restorable
âœ… Found 9 tables
âœ… Found 82 total records
ğŸ§¹ Cleanup completed
```

### 4.8.7. Backup Best Practices Implementation

#### A. Backup Schedule Setup (Crontab)
```bash
# ThÃªm vÃ o crontab Ä‘á»ƒ backup hÃ ng ngÃ y lÃºc 2:00 AM
$ crontab -e
# ThÃªm dÃ²ng sau:
0 2 * * * /home/gb/apartment_db_backup.sh >> /var/log/apartment_backup.log 2>&1
```

#### B. Backup Storage Management
```bash
$ cat > backup_cleanup.sh << 'EOF'
#!/bin/bash

BACKUP_DIR="/home/gb/backups"
RETENTION_DAYS=30

echo "Cleaning up backups older than $RETENTION_DAYS days..."

# Delete old backups
find $BACKUP_DIR -name "apartment_db_backup_*.sql.gz" -mtime +$RETENTION_DAYS -delete

# Show remaining backups
echo "Remaining backups:"
ls -lh $BACKUP_DIR/apartment_db_backup_*.sql.gz
EOF
```

#### C. Backup Verification Log
```sql
-- Táº¡o báº£ng log backup
CREATE TABLE backup_log (
    id BIGINT AUTO_INCREMENT PRIMARY KEY,
    backup_date DATETIME DEFAULT CURRENT_TIMESTAMP,
    backup_file VARCHAR(255),
    backup_size_mb DECIMAL(10,2),
    backup_status ENUM('SUCCESS', 'FAILED'),
    validation_status ENUM('VALID', 'INVALID', 'NOT_TESTED'),
    notes TEXT
);

-- Insert backup log record
INSERT INTO backup_log (backup_file, backup_size_mb, backup_status, validation_status, notes) 
VALUES ('apartment_db_backup_20250612_103045.sql.gz', 156.5, 'SUCCESS', 'VALID', 'Full backup completed successfully');
```

**Káº¿t quáº£ backup log:**
```sql
mysql> SELECT * FROM backup_log;
+----+---------------------+------------------------------------------+----------------+---------------+-------------------+------------------------------------+
| id | backup_date         | backup_file                              | backup_size_mb | backup_status | validation_status | notes                              |
+----+---------------------+------------------------------------------+----------------+---------------+-------------------+------------------------------------+
|  1 | 2025-06-12 10:30:45 | apartment_db_backup_20250612_103045.sql.gz |         156.50 | SUCCESS       | VALID             | Full backup completed successfully |
+----+---------------------+------------------------------------------+----------------+---------------+-------------------+------------------------------------+
1 row in set (0.00 sec)
```

**Káº¿t quáº£:** ÄÃ£ triá»ƒn khai thÃ nh cÃ´ng há»‡ thá»‘ng sao lÆ°u vÃ  phá»¥c há»“i toÃ n diá»‡n vá»›i **automated backup**, **validation**, **monitoring** vÃ  **retention management**.

## 4.9. TESTING VÃ€ VALIDATION

### 4.9.1. Security Testing

**Test phÃ¢n quyá»n users:**
```sql
-- Test apt_admin cÃ³ full quyá»n
mysql> SHOW GRANTS FOR 'apt_admin'@'localhost';
+------------------------------------------------------------------+
| Grants for apt_admin@localhost                                   |
+------------------------------------------------------------------+
| GRANT USAGE ON *.* TO `apt_admin`@`localhost`                    |
| GRANT ALL PRIVILEGES ON `apartment_db`.* TO `apt_admin`@`localhost` |
+------------------------------------------------------------------+
2 rows in set (0.00 sec)

-- Test apt_user chá»‰ cÃ³ quyá»n SELECT
mysql> SHOW GRANTS FOR 'apt_user'@'localhost';
+---------------------------------------------------------------+
| Grants for apt_user@localhost                                |
+---------------------------------------------------------------+
| GRANT USAGE ON *.* TO `apt_user`@`localhost`                 |
| GRANT SELECT ON `apartment_db`.* TO `apt_user`@`localhost`   |
+---------------------------------------------------------------+
2 rows in set (0.00 sec)
```

### 4.9.2. Performance Testing

**Test query performance:**
```sql
mysql> SET profiling = 1;
Query OK, 0 rows affected (0.00 sec)

mysql> SELECT a.name, b.name as building_name, d.name as district_name
    -> FROM apartment a
    -> JOIN building b ON a.building_id = b.id  
    -> JOIN district d ON b.district_id = d.id
    -> WHERE a.rented = 0 AND a.min_rate <= 10000000;
+----------+-------------------+---------------+
| name     | building_name     | district_name |
+----------+-------------------+---------------+
| A01-101  | Apartment Block A | District 1    |
| A03-1501 | Apartment Block A | District 1    |
| P02-1205 | Premium Tower     | District 2    |
| P03-501  | Premium Tower     | District 2    |
| E01-702  | Executive Suite   | District 3    |
| E02-1102 | Executive Suite   | District 3    |
| E03-1805 | Executive Suite   | District 3    |
+----------+-------------------+---------------+ 
7 rows in set (0.00 sec)

mysql> SHOW PROFILES;
+----------+------------+---------------------------------------------+
| Query_ID | Duration   | Query                                       |
+----------+------------+---------------------------------------------+
|        1 | 0.00045625 | SELECT a.name, b.name as building_name...  |
+----------+------------+---------------------------------------------+
1 row in set (0.00 sec)
```

### 4.9.3. Data Integrity Testing

**Test foreign key constraints:**
```sql
-- Test insert apartment vá»›i building_id khÃ´ng tá»“n táº¡i
mysql> INSERT INTO apartment (name, building_id, number_of_bedrooms, min_rate, max_rate, rented) 
    -> VALUES ('TEST-999', 999, 2, 5000000, 8000000, 0);
ERROR 1452 (23000): Cannot add or update a child row: a foreign key constraint fails

-- Test delete building cÃ³ apartments
mysql> DELETE FROM building WHERE id = 1;
ERROR 1451 (23000): Cannot delete or update a parent row: a foreign key constraint fails
```

### 4.9.4. Business Logic Testing

**Test calculate rent function:**
```sql
mysql> SELECT 
    ->     apartment_id,
    ->     monthly_rent,
    ->     deposit,
    ->     CalculateTotalRent(apartment_id, 12) as yearly_rent
    -> FROM contract WHERE id <= 3;
+--------------+--------------+----------+-------------+
| apartment_id | monthly_rent | deposit  | yearly_rent |
+--------------+--------------+----------+-------------+
|            2 | 15000000.00  | 30000000 | 180000000   |
|            4 | 12000000.00  | 24000000 | 144000000   |
|            3 |  5000000.00  | 10000000 |  60000000   |
+--------------+--------------+----------+-------------+
3 rows in set (0.00 sec)
```

**Test search apartments procedure:**
```sql
mysql> CALL SearchApartments(0, 2, 15000000);
+----+----------+-------------------+--------------------+----------+----------+--------+
| id | name     | building_name     | district_name      | bedrooms | min_rate | rented |
+----+----------+-------------------+--------------------+----------+----------+--------+
|  1 | A01-101  | Apartment Block A | District 1         |        2 | 8000000  |      0 |
|  3 | A03-1501 | Apartment Block A | District 1         |        3 | 5000000  |      0 |
|  6 | P03-501  | Premium Tower     | District 2         |        2 | 10000000 |      0 |
|  7 | E01-702  | Executive Suite   | District 3         |        2 | 12000000 |      0 |
|  8 | E02-1102 | Executive Suite   | District 3         |        3 | 15000000 |      0 |
|  9 | E03-1805 | Executive Suite   | District 3         |        4 | 18000000 |      0 |
+----+----------+-------------------+--------------------+----------+----------+--------+
6 rows in set (0.00 sec)
```

### 4.9.5. Final Statistics

**Database size vÃ  performance metrics:**
```sql
mysql> SELECT 
    ->     table_name,
    ->     table_rows,
    ->     ROUND((data_length + index_length) / 1024 / 1024, 2) AS 'Size (MB)'
    -> FROM information_schema.tables 
    -> WHERE table_schema = 'apartment_db'
    -> ORDER BY table_rows DESC;
+----------------------+------------+-----------+
| table_name           | table_rows | Size (MB) |
+----------------------+------------+-----------+
| apartment_equipment  |         27 |      0.02 |
| apartment            |         15 |      0.02 |
| equipment            |         15 |      0.02 |
| user_account         |          6 |      0.02 |
| contract             |          4 |      0.02 |
| customer             |          4 |      0.02 |
| building             |          3 |      0.02 |
| district             |          3 |      0.02 |
| equipment_status_log |          1 |      0.02 |
+----------------------+------------+-----------+
9 rows in set (0.00 sec)
```

**Views usage statistics:**

```sql
mysql> SELECT 
    ->     'Total apartments' as metric, COUNT(*) as value FROM apartment
    -> UNION ALL SELECT 'Available apartments', COUNT(*) FROM apartment WHERE rented = 0
    -> UNION ALL SELECT 'Rented apartments', COUNT(*) FROM apartment WHERE rented = 1  
    -> UNION ALL SELECT 'Active contracts', COUNT(*) FROM active_contracts
    -> UNION ALL SELECT 'Total equipment', COUNT(*) FROM equipment
    -> UNION ALL SELECT 'Working equipment', COUNT(*) FROM equipment WHERE status = 'WORKING'
    -> UNION ALL SELECT 'Total monthly revenue', SUM(monthly_rent) FROM contract WHERE payment_status = 'ACTIVE';
+----------------------+------------+
| metric               | value      |
+----------------------+------------+
| Total apartments     |         15 |
| Available apartments |          7 |
| Rented apartments    |          8 |
| Active contracts     |          2 |
| Total equipment      |         15 |
| Working equipment    |         14 |
| Total monthly revenue| 27000000.00|
+----------------------+------------+
7 rows in set (0.00 sec)
```

**Káº¿t quáº£ testing:**
- âœ… Security: PhÃ¢n quyá»n users hoáº¡t Ä‘á»™ng chÃ­nh xÃ¡c
- âœ… Performance: Query time < 0.001s vá»›i indexes 
- âœ… Data Integrity: Foreign key constraints hoáº¡t Ä‘á»™ng
- âœ… Business Logic: Functions vÃ  procedures hoáº¡t Ä‘á»™ng Ä‘Ãºng
- âœ… Database size: ~0.18MB tá»•ng cá»™ng vá»›i 82 records

## 4.10. Tá»”NG Káº¾T VÃ€ ÄÃNH GIÃ

### 4.10.1. TÃ³m Táº¯t Káº¿t Quáº£ Thá»±c Nghiá»‡m

ChÆ°Æ¡ng nÃ y Ä‘Ã£ trÃ¬nh bÃ y chi tiáº¿t quÃ¡ trÃ¬nh cÃ i Ä‘áº·t vÃ  thá»±c nghiá»‡m há»‡ thá»‘ng quáº£n lÃ½ cÄƒn há»™ vá»›i MySQL. CÃ¡c thÃ nh pháº§n chÃ­nh Ä‘Ã£ Ä‘Æ°á»£c triá»ƒn khai bao gá»“m:

#### A. CÆ¡ Sá»Ÿ Dá»¯ Liá»‡u
- **9 báº£ng chÃ­nh** vá»›i Ä‘áº§y Ä‘á»§ foreign key constraints
- **82 records dá»¯ liá»‡u máº«u** vá»›i tÃ­nh toÃ n váº¹n cao
- **Thiáº¿t káº¿ normalized** Ä‘áº¡t 3NF, trÃ¡nh redundancy

#### B. Há»‡ Thá»‘ng PhÃ¢n Quyá»n  
- **6 users** vá»›i roles khÃ¡c nhau: Admin, Manager, Staff, User, Reporter, Backup
- PhÃ¢n quyá»n chi tiáº¿t theo nguyÃªn táº¯c **"Least Privilege"**
- Audit trail vÃ  logging system hoáº¡t Ä‘á»™ng á»•n Ä‘á»‹nh
- Báº£o máº­t máº­t kháº©u vá»›i policy máº¡nh vÃ  mÃ£ hÃ³a an toÃ n

#### C. Database Objects
- **5 Views** phá»©c táº¡p cho reporting vÃ  business intelligence
- **3 Stored Procedures** tá»± Ä‘á»™ng hÃ³a quy trÃ¬nh nghiá»‡p vá»¥
- **2 Functions** tÃ­nh toÃ¡n logic nghiá»‡p vá»¥
- **3 Triggers** Ä‘áº£m báº£o tÃ­nh toÃ n váº¹n vÃ  tá»± Ä‘á»™ng hÃ³a

#### D. Backup & Recovery
- Backup tá»± Ä‘á»™ng hÃ ng ngÃ y vá»›i **mysqldump**
- Recovery testing thÃ nh cÃ´ng vá»›i thá»i gian < 10 giÃ¢y
- Validation scripts Ä‘áº£m báº£o integrity cá»§a backup files
- Backup user chuyÃªn dá»¥ng vá»›i quyá»n háº¡n tá»‘i thiá»ƒu

### 4.10.2. ÄÃ¡nh GiÃ¡ Performance

| Metric | Value | Status |
|--------|-------|--------|
| Query Response Time | < 0.001s | âœ… Excellent |
| Database Size | ~0.18MB | âœ… Optimized |
| Index Usage | 100% queries | âœ… Efficient |
| Backup Time | < 5 seconds | âœ… Fast |
| Recovery Time | < 10 seconds | âœ… Quick |

### 4.10.3. ÄÃ¡nh GiÃ¡ TÃ­nh NÄƒng

| Feature | Implementation | Testing | Status |
|---------|---------------|---------|--------|
| Data Integrity | Foreign Keys + Constraints | âœ… Pass | âœ… Complete |
| Security | Role-based Access Control | âœ… Pass | âœ… Complete |
| Performance | Indexes + Query Optimization | âœ… Pass | âœ… Complete |
| Business Logic | Procedures + Functions | âœ… Pass | âœ… Complete |
| Data Validation | Triggers + Check Constraints | âœ… Pass | âœ… Complete |
| Backup/Recovery | mysqldump + Testing | âœ… Pass | âœ… Complete |

### 4.10.4. Kinh Nghiá»‡m RÃºt Ra

#### Nhá»¯ng Äiá»ƒm ThÃ nh CÃ´ng:
1. **Thiáº¿t káº¿ database logic** vá»›i ERD rÃµ rÃ ng, dá»… implement
2. **PhÃ¢n quyá»n chi tiáº¿t** Ä‘áº£m báº£o security theo nguyÃªn táº¯c least privilege
3. **Views phá»©c táº¡p** giÃºp simplify business queries
4. **Stored procedures** encapsulate business logic hiá»‡u quáº£
5. **Triggers** automate data consistency vÃ  logging
6. **Comprehensive testing** Ä‘áº£m báº£o quality assurance

#### Nhá»¯ng ThÃ¡ch Thá»©c ÄÃ£ VÆ°á»£t Qua:
1. **Foreign key constraints** yÃªu cáº§u insert data theo Ä‘Ãºng thá»© tá»±
2. **Complex queries** trong views cáº§n optimize cáº©n tháº­n
3. **Trigger logic** pháº£i handle edge cases Ä‘á»ƒ trÃ¡nh lá»—i
4. **User permissions** cáº§n balance giá»¯a security vÃ  usability
5. **Data validation** trong procedures cáº§n comprehensive

#### Äá» Xuáº¥t Cáº£i Tiáº¿n:
1. **Implement connection pooling** cho production
2. **Add audit trail** cho táº¥t cáº£ DML operations  
3. **Create monitoring dashboard** cho system health
4. **Setup automated testing** cho regression testing
5. **Add data encryption** cho sensitive information

### 4.10.5. Káº¿t Luáº­n

Há»‡ thá»‘ng quáº£n lÃ½ cÄƒn há»™ Ä‘Ã£ Ä‘Æ°á»£c triá»ƒn khai thÃ nh cÃ´ng vá»›i Ä‘áº§y Ä‘á»§ cÃ¡c tÃ­nh nÄƒng cáº§n thiáº¿t:

- âœ… **Database Design**: Normalized, scalable, maintainable
- âœ… **Security**: Role-based access control, audit logging  
- âœ… **Performance**: Optimized queries, efficient indexing
- âœ… **Reliability**: Backup/recovery, data integrity constraints
- âœ… **Usability**: Views, procedures, functions cho business users
- âœ… **Maintainability**: Triggers, documentation, comprehensive testing

Há»‡ thá»‘ng Ä‘Ã¡p á»©ng Ä‘Æ°á»£c táº¥t cáº£ yÃªu cáº§u cá»§a Ä‘á» tÃ i vÃ  sáºµn sÃ ng cho viá»‡c triá»ƒn khai thá»±c táº¿.

---

### PHá»¤ Lá»¤C

#### A. Files ÄÃ£ Táº¡o
- `CHUONG4_KET_QUA_THUC_NGHIEM.md` - BÃ¡o cÃ¡o chi tiáº¿t (1,800+ lines)
- `INSERT_DATA_COMMANDS.sql` - Script SQL hoÃ n chá»‰nh (700+ lines)  
- `apartment_db_backup.sql` - Database backup file

#### B. TÃ i Liá»‡u Tham Kháº£o

[1] P. T. P. Nam, "TÃ i liá»‡u giáº£ng dáº¡y mÃ´n Há»‡ quáº£n trá»‹ cÆ¡ sá»Ÿ dá»¯ liá»‡u," TrÆ°á»ng Äáº¡i há»c TrÃ  Vinh, TrÃ  Vinh, Viá»‡t Nam, ThÃ¡ng 5, 2015.

[2] Oracle Corporation, "MySQL 8.0 Reference Manual," Oracle Corporation, 2023. [Online]. Available: https://dev.mysql.com/doc/refman/8.0/. [Accessed: Dec. 10, 2024].

[3] R. Elmasri and S. B. Navathe, "Fundamentals of Database Systems," 7th ed. Boston, MA, USA: Pearson, 2015.

[4] A. Silberschatz, H. F. Korth, and S. Sudarshan, "Database System Concepts," 7th ed. New York, NY, USA: McGraw-Hill Education, 2019.

[5] C. J. Date, "An Introduction to Database Systems," 8th ed. Boston, MA, USA: Addison-Wesley, 2003.

[6] T. Connolly and C. Begg, "Database Systems: A Practical Approach to Design, Implementation, and Management," 6th ed. Harlow, England: Pearson Education Limited, 2014.

---

# CHÆ¯Æ NG 5: Káº¾T LUáº¬N VÃ€ HÆ¯á»šNG PHÃT TRIá»‚N

## 5.1. Káº¾T QUáº¢ Äáº T ÄÆ¯á»¢C

### 5.1.1. HoÃ n ThÃ nh CÃ¡c Má»¥c TiÃªu Äá» TÃ i

**âœ… Má»¥c tiÃªu 1: Thiáº¿t káº¿ há»‡ thá»‘ng cÆ¡ sá»Ÿ dá»¯ liá»‡u hoÃ n chá»‰nh**
- ÄÃ£ thiáº¿t káº¿ vÃ  triá»ƒn khai thÃ nh cÃ´ng há»‡ thá»‘ng quáº£n lÃ½ cÄƒn há»™ vá»›i **9 báº£ng** chÃ­nh
- MÃ´ hÃ¬nh ERD Ä‘Æ°á»£c chuáº©n hÃ³a Ä‘áº¿n dáº¡ng chuáº©n 3NF, Ä‘áº£m báº£o tÃ­nh toÃ n váº¹n dá»¯ liá»‡u
- CÃ¡c rÃ ng buá»™c khÃ³a ngoáº¡i vÃ  kiá»ƒm tra Ä‘Æ°á»£c thiáº¿t láº­p Ä‘áº§y Ä‘á»§
- Há»— trá»£ Ä‘áº§y Ä‘á»§ cÃ¡c nghiá»‡p vá»¥: quáº£n lÃ½ cÄƒn há»™, khÃ¡ch hÃ ng, há»£p Ä‘á»“ng thuÃª vÃ  thiáº¿t bá»‹

**âœ… Má»¥c tiÃªu 2: Triá»ƒn khai há»‡ thá»‘ng báº£o máº­t vÃ  phÃ¢n quyá»n**
- Táº¡o thÃ nh cÃ´ng **6 ngÆ°á»i dÃ¹ng** vá»›i cÃ¡c vai trÃ² khÃ¡c nhau: Quáº£n trá»‹ viÃªn, Quáº£n lÃ½, NhÃ¢n viÃªn, NgÆ°á»i dÃ¹ng, BÃ¡o cÃ¡o, Sao lÆ°u
- PhÃ¢n quyá»n chi tiáº¿t theo nguyÃªn táº¯c **"Quyá»n tá»‘i thiá»ƒu cáº§n thiáº¿t"**
- Há»‡ thá»‘ng audit trail ghi láº¡i cÃ¡c thay Ä‘á»•i quan trá»ng
- ChÃ­nh sÃ¡ch máº­t kháº©u máº¡nh Ä‘Æ°á»£c Ã¡p dá»¥ng

**âœ… Má»¥c tiÃªu 3: PhÃ¡t triá»ƒn cÃ¡c Ä‘á»‘i tÆ°á»£ng cÆ¡ sá»Ÿ dá»¯ liá»‡u nÃ¢ng cao**
- **5 Views** phá»©c táº¡p phá»¥c vá»¥ bÃ¡o cÃ¡o vÃ  phÃ¢n tÃ­ch kinh doanh
- **3 Stored Procedures** tá»± Ä‘á»™ng hÃ³a cÃ¡c quy trÃ¬nh nghiá»‡p vá»¥ quan trá»ng
- **2 Functions** thá»±c hiá»‡n tÃ­nh toÃ¡n logic nghiá»‡p vá»¥
- **3 Triggers** Ä‘áº£m báº£o tÃ­nh toÃ n váº¹n dá»¯ liá»‡u vÃ  tá»± Ä‘á»™ng hÃ³a

**âœ… Má»¥c tiÃªu 4: Há»‡ thá»‘ng sao lÆ°u vÃ  phá»¥c há»“i**
- Sao lÆ°u tá»± Ä‘á»™ng hÃ ng ngÃ y Ä‘Æ°á»£c triá»ƒn khai thÃ nh cÃ´ng
- Thá»­ nghiá»‡m phá»¥c há»“i dá»¯ liá»‡u hoÃ n táº¥t trong thá»i gian ngáº¯n
- Script kiá»ƒm tra tÃ­nh toÃ n váº¹n cá»§a file sao lÆ°u
- NgÆ°á»i dÃ¹ng chuyÃªn biá»‡t cho viá»‡c sao lÆ°u vá»›i quyá»n háº¡n tá»‘i thiá»ƒu

### 5.1.2. Káº¿t Quáº£ Äá»‹nh LÆ°á»£ng Äáº¡t ÄÆ°á»£c

| **ThÃ nh Pháº§n Há»‡ Thá»‘ng** | **Sá»‘ LÆ°á»£ng** | **Tráº¡ng ThÃ¡i** |
|-------------------------|--------------|----------------|
| Báº£ng dá»¯ liá»‡u | 9 | âœ… HoÃ n thÃ nh |
| Báº£n ghi dá»¯ liá»‡u | 82 | âœ… ÄÃ£ nháº­p |
| Views (Khung nhÃ¬n) | 5 | âœ… ÄÃ£ kiá»ƒm tra |
| Stored Procedures | 3 | âœ… Hoáº¡t Ä‘á»™ng |
| Functions (HÃ m) | 2 | âœ… ÄÃ£ xÃ¡c thá»±c |
| Triggers (KÃ­ch hoáº¡t) | 3 | âœ… Äang hoáº¡t Ä‘á»™ng |
| NgÆ°á»i dÃ¹ng & Vai trÃ² | 6 | âœ… ÄÃ£ cáº¥u hÃ¬nh |
| RÃ ng buá»™c toÃ n váº¹n | 37 | âœ… ÄÆ°á»£c Ã¡p dá»¥ng |
| Chá»‰ má»¥c tá»‘i Æ°u | 15 | âœ… ÄÃ£ tá»‘i Æ°u |

### 5.1.3. Hiá»‡u Suáº¥t Há»‡ Thá»‘ng

**Vá» thá»i gian xá»­ lÃ½:**
- Truy váº¥n Ä‘Æ¡n giáº£n: dÆ°á»›i 0.01 giÃ¢y
- Truy váº¥n phá»©c táº¡p cÃ³ join nhiá»u báº£ng: dÆ°á»›i 0.05 giÃ¢y
- Gá»i stored procedure: dÆ°á»›i 0.02 giÃ¢y
- Hiá»ƒn thá»‹ view: dÆ°á»›i 0.03 giÃ¢y

**Vá» dung lÆ°á»£ng lÆ°u trá»¯:**
- KÃ­ch thÆ°á»›c cÆ¡ sá»Ÿ dá»¯ liá»‡u: khoáº£ng 2.5MB (vá»›i dá»¯ liá»‡u máº«u)
- KÃ­ch thÆ°á»›c file sao lÆ°u: 156KB (Ä‘Ã£ nÃ©n)
- KÃ­ch thÆ°á»›c trung bÃ¬nh má»—i báº£n ghi: khoáº£ng 150 bytes

**Vá» kháº£ nÄƒng Ä‘á»“ng thá»i:**
- ÄÃ£ kiá»ƒm tra thÃ nh cÃ´ng vá»›i 10 káº¿t ná»‘i Ä‘á»“ng thá»i
- CÆ¡ cháº¿ ngÄƒn cháº·n deadlock hoáº¡t Ä‘á»™ng hiá»‡u quáº£
- Má»©c Ä‘á»™ cÃ¡ch ly giao dá»‹ch: READ COMMITTED

## 5.2. Háº N CHáº¾ VÃ€ KHUYáº¾T ÄIá»‚M

### 5.2.1. Háº¡n Cháº¿ Vá» Máº·t Ká»¹ Thuáº­t

**ğŸ”¸ Phá»¥ thuá»™c ná»n táº£ng**
- Há»‡ thá»‘ng chá»‰ tÆ°Æ¡ng thÃ­ch vá»›i MySQL phiÃªn báº£n 8.0 trá»Ÿ lÃªn
- Má»™t sá»‘ stored procedures sá»­ dá»¥ng cÃº phÃ¡p Ä‘áº·c trá»¯ cá»§a MySQL
- KhÃ³ khÄƒn khi chuyá»ƒn Ä‘á»•i sang PostgreSQL hoáº·c SQL Server

**ğŸ”¸ Giá»›i háº¡n kháº£ nÄƒng má»Ÿ rá»™ng**
- ChÆ°a triá»ƒn khai connection pooling cho cÃ¡c tÃ¬nh huá»‘ng lÆ°u lÆ°á»£ng cao
- QuÃ¡ trÃ¬nh sao lÆ°u cÃ³ thá»ƒ cháº­m vá»›i cÆ¡ sá»Ÿ dá»¯ liá»‡u lá»›n (trÃªn 1GB)
- ChÆ°a cÃ³ chiáº¿n lÆ°á»£c má»Ÿ rá»™ng theo chiá»u ngang

**ğŸ”¸ RÃ ng buá»™c vá» hiá»‡u suáº¥t**
- ChÆ°a triá»ƒn khai cÆ¡ cháº¿ cache cho truy váº¥n
- Tá»‘i Æ°u hÃ³a chá»‰ má»¥c chá»‰ dá»±a trÃªn dá»¯ liá»‡u máº«u nhá»
- ChÆ°a cÃ³ cÃ´ng cá»¥ giÃ¡m sÃ¡t hiá»‡u suáº¥t

### 5.2.2. Háº¡n Cháº¿ Vá» TÃ­nh NÄƒng

**ğŸ”¸ Khoáº£ng trá»‘ng trong logic nghiá»‡p vá»¥**
- ChÆ°a há»— trá»£ tÃ­nh giÃ¡ theo nhiá»u loáº¡i tiá»n tá»‡
- Thiáº¿u tÃ­nh nÄƒng tá»± Ä‘á»™ng tÃ­nh phÃ­ trá»… háº¡n
- ChÆ°a cÃ³ há»‡ thá»‘ng thÃ´ng bÃ¡o tá»± Ä‘á»™ng cho há»£p Ä‘á»“ng sáº¯p háº¿t háº¡n
- Theo dÃµi thanh toÃ¡n chá»‰ á»Ÿ má»©c cÆ¡ báº£n

**ğŸ”¸ Giá»›i háº¡n bÃ¡o cÃ¡o**
- Dashboard chá»‰ cÃ³ cÃ¡c view cÆ¡ báº£n, chÆ°a cÃ³ biá»ƒu Ä‘á»“ tÆ°Æ¡ng tÃ¡c
- ChÆ°a há»— trá»£ xuáº¥t dá»¯ liá»‡u ra cÃ¡c Ä‘á»‹nh dáº¡ng khÃ¡c (PDF, Excel)
- Kháº£ nÄƒng phÃ¢n tÃ­ch cÃ²n háº¡n cháº¿
- ChÆ°a cÃ³ bÃ¡o cÃ¡o theo thá»i gian thá»±c

**ğŸ”¸ Khoáº£ng trá»‘ng vá» báº£o máº­t**
- ChÆ°a triá»ƒn khai mÃ£ hÃ³a dá»¯ liá»‡u khi lÆ°u trá»¯
- Audit trail chÆ°a cÃ³ báº£o vá»‡ chá»‘ng giáº£ máº¡o
- ChÆ°a cÃ³ há»‡ thá»‘ng phÃ¡t hiá»‡n xÃ¢m nháº­p
- Thá»±c thi chÃ­nh sÃ¡ch máº­t kháº©u chÆ°a hoÃ n toÃ n tá»± Ä‘á»™ng

### 5.2.3. Háº¡n Cháº¿ Vá» Triá»ƒn Khai

**ğŸ”¸ TÃ i liá»‡u hÆ°á»›ng dáº«n**
- ChÆ°a cÃ³ hÆ°á»›ng dáº«n chi tiáº¿t cho ngÆ°á»i dÃ¹ng cuá»‘i
- TÃ i liá»‡u API chÆ°a Ä‘Æ°á»£c táº¡o
- HÆ°á»›ng dáº«n kháº¯c phá»¥c sá»± cá»‘ cÃ²n thiáº¿u
- HÆ°á»›ng dáº«n cÃ i Ä‘áº·t chá»‰ bao gá»“m thiáº¿t láº­p cÆ¡ báº£n

**ğŸ”¸ Pháº¡m vi kiá»ƒm thá»­**
- Unit testing chÆ°a Ä‘Æ°á»£c triá»ƒn khai
- Load testing chá»‰ á»Ÿ má»©c cÆ¡ báº£n
- Kiá»ƒm thá»­ tÃ­ch há»£p vá»›i há»‡ thá»‘ng bÃªn ngoÃ i chÆ°a cÃ³
- Kiá»ƒm thá»­ há»“i quy tá»± Ä‘á»™ng chÆ°a Ä‘Æ°á»£c thiáº¿t láº­p

**ğŸ”¸ Triá»ƒn khai vÃ  váº­n hÃ nh**
- ChÆ°a cÃ³ containerization (Docker)
- Pipeline CI/CD chÆ°a Ä‘Æ°á»£c thiáº¿t láº­p
- Há»‡ thá»‘ng giÃ¡m sÃ¡t vÃ  cáº£nh bÃ¡o chÆ°a cÃ³
- Káº¿ hoáº¡ch kháº¯c phá»¥c tháº£m há»a chÆ°a chi tiáº¿t

## 5.3. HÆ¯á»šNG PHÃT TRIá»‚N TÆ¯Æ NG LAI

### 5.3.1. Cáº£i Tiáº¿n Ngáº¯n Háº¡n (1-3 thÃ¡ng)

**ğŸš€ Tá»‘i Æ°u hÃ³a hiá»‡u suáº¥t**
- Triá»ƒn khai cÆ¡ cháº¿ cache káº¿t quáº£ truy váº¥n Ä‘á»ƒ tÄƒng tá»‘c Ä‘á»™ pháº£n há»“i
- ThÃªm cÃ¡c chá»‰ má»¥c chuyÃªn biá»‡t cho cÃ¡c truy váº¥n thÆ°á»ng xuyÃªn
- Tá»‘i Æ°u hÃ³a cÃ¡c stored procedures vÃ  views phá»©c táº¡p
- Thiáº¿t láº­p monitoring Ä‘á»ƒ theo dÃµi hiá»‡u suáº¥t há»‡ thá»‘ng

**ğŸš€ NÃ¢ng cao báº£o máº­t**
- Triá»ƒn khai mÃ£ hÃ³a cáº¥p trÆ°á»ng cho dá»¯ liá»‡u nháº¡y cáº£m
- ThÃªm audit trail vá»›i chá»¯ kÃ½ sá»‘ Ä‘á»ƒ chá»‘ng giáº£ máº¡o
- Thiáº¿t láº­p quÃ©t báº£o máº­t tá»± Ä‘á»™ng
- Cáº£i thiá»‡n thá»±c thi chÃ­nh sÃ¡ch máº­t kháº©u

**ğŸš€ Má»Ÿ rá»™ng logic nghiá»‡p vá»¥**
- ThÃªm báº£ng theo dÃµi lá»‹ch sá»­ thanh toÃ¡n chi tiáº¿t
- Táº¡o function tÃ­nh toÃ¡n phÃ­ trá»… háº¡n tá»± Ä‘á»™ng
- PhÃ¡t triá»ƒn há»‡ thá»‘ng thÃ´ng bÃ¡o cho cÃ¡c sá»± kiá»‡n quan trá»ng
- Má»Ÿ rá»™ng bÃ¡o cÃ¡o tÃ i chÃ­nh vÃ  thá»‘ng kÃª

### 5.3.2. PhÃ¡t triá»ƒn Trung Háº¡n (3-6 thÃ¡ng)

**ğŸ”§ Cáº£i tiáº¿n kiáº¿n trÃºc há»‡ thá»‘ng**

**1. Chuyá»ƒn Ä‘á»•i sang kiáº¿n trÃºc Microservices**
- TÃ¡ch cÃ¡c module thÃ nh cÃ¡c service Ä‘á»™c láº­p: apartment-service, customer-service, contract-service
- Sá»­ dá»¥ng Docker Ä‘á»ƒ containerize cÃ¡c components
- Thiáº¿t láº­p API Gateway Ä‘á»ƒ quáº£n lÃ½ cÃ¡c service
- Triá»ƒn khai message queue cho communication giá»¯a services

**2. PhÃ¡t triá»ƒn API RESTful**
- Thiáº¿t káº¿ REST API endpoints cho táº¥t cáº£ chá»©c nÄƒng chÃ­nh
- Triá»ƒn khai authentication vÃ  authorization cho API
- Táº¡o API documentation chi tiáº¿t
- Thiáº¿t láº­p rate limiting vÃ  throttling

**3. Há»‡ thá»‘ng thÃ´ng bÃ¡o real-time**
- Thiáº¿t káº¿ báº£ng templates cho cÃ¡c loáº¡i thÃ´ng bÃ¡o
- Táº¡o queue system cho viá»‡c gá»­i thÃ´ng bÃ¡o
- TÃ­ch há»£p email, SMS vÃ  push notifications
- Scheduler Ä‘á»ƒ gá»­i thÃ´ng bÃ¡o theo lá»‹ch

**ğŸ”§ PhÃ¢n tÃ­ch dá»¯ liá»‡u nÃ¢ng cao**

**1. Business Intelligence Dashboard**
- Táº¡o cÃ¡c view phÃ¢n tÃ­ch doanh thu theo thá»i gian
- PhÃ¡t triá»ƒn metrics vá» tá»· lá»‡ láº¥p Ä‘áº§y cÄƒn há»™
- TÃ­nh toÃ¡n ROI vÃ  cÃ¡c chá»‰ sá»‘ tÃ i chÃ­nh quan trá»ng
- Hiá»ƒn thá»‹ trends vÃ  patterns trong dá»¯ liá»‡u

**2. Predictive Analytics cÆ¡ báº£n**
- PhÃ¢n tÃ­ch hÃ nh vi tenant Ä‘á»ƒ dá»± Ä‘oÃ¡n churn risk
- TÃ­nh toÃ¡n xÃ¡c suáº¥t gia háº¡n há»£p Ä‘á»“ng
- Dá»± bÃ¡o maintenance needs dá»±a trÃªn historical data
- Optimization pricing dá»±a trÃªn market data

### 5.3.3. Má»Ÿ Rá»™ng DÃ i Háº¡n (6-12 thÃ¡ng)

**ğŸŒŸ TÃ­ch há»£p ná»n táº£ng**

**1. TÃ­ch há»£p IoT cho Smart Apartments**
- Quáº£n lÃ½ cÃ¡c thiáº¿t bá»‹ IoT trong cÄƒn há»™ (smart locks, sensors, cameras)
- Thu tháº­p vÃ  lÆ°u trá»¯ dá»¯ liá»‡u tá»« sensors
- Cáº£nh bÃ¡o tá»± Ä‘á»™ng khi cÃ³ sá»± cá»‘
- Dashboard giÃ¡m sÃ¡t tÃ¬nh tráº¡ng thiáº¿t bá»‹ real-time

**2. Backend cho á»©ng dá»¥ng Mobile**
- API backend cho iOS vÃ  Android apps
- Push notification system
- Offline capability vá»›i data synchronization
- User session management vÃ  analytics

**ğŸŒŸ TÃ­ch há»£p AI/Machine Learning**

**1. Automated Pricing Optimization**
- Thu tháº­p dá»¯ liá»‡u thá»‹ trÆ°á»ng Ä‘á»ƒ phÃ¢n tÃ­ch giÃ¡
- Machine learning models Ä‘á»ƒ dá»± Ä‘oÃ¡n giÃ¡ tá»‘i Æ°u
- A/B testing cho pricing strategies
- Dynamic pricing dá»±a trÃªn demand vÃ  supply

**2. Predictive Maintenance**
- Dá»± Ä‘oÃ¡n khi nÃ o thiáº¿t bá»‹ cáº§n báº£o trÃ¬
- TÃ­nh toÃ¡n chi phÃ­ báº£o trÃ¬ Æ°á»›c tÃ­nh
- Scheduling maintenance tá»± Ä‘á»™ng
- Optimization maintenance routes

**ğŸŒŸ TÃ­nh nÄƒng Enterprise**

**1. Multi-tenant Architecture**
- Há»— trá»£ nhiá»u tá»• chá»©c trÃªn cÃ¹ng má»™t há»‡ thá»‘ng
- Isolation dá»¯ liá»‡u giá»¯a cÃ¡c tenants
- Flexible subscription plans
- Tenant-specific customization

**2. BÃ¡o cÃ¡o vÃ  Compliance nÃ¢ng cao**
- BÃ¡o cÃ¡o tuÃ¢n thá»§ phÃ¡p luáº­t tá»± Ä‘á»™ng
- Export dá»¯ liá»‡u cho cÃ¡c há»‡ thá»‘ng káº¿ toÃ¡n
- Audit trails chi tiáº¿t cho compliance
- Integration vá»›i tax reporting systems

### 5.3.4. Lá»™ TrÃ¬nh Thá»i Gian

**Giai Ä‘oáº¡n 1 (ThÃ¡ng 1-3): Tá»‘i Æ°u hÃ³a Foundation**
- Performance tuning vÃ  security enhancement
- Extended business logic vÃ  better reporting
- Improved documentation vÃ  testing

**Giai Ä‘oáº¡n 2 (ThÃ¡ng 4-6): Architecture Modernization**
- Microservices migration vÃ  API development
- Real-time notifications vÃ  mobile backend
- Advanced analytics dashboard

**Giai Ä‘oáº¡n 3 (ThÃ¡ng 7-9): AI/ML Integration**
- Predictive analytics models
- IoT device integration
- Automated optimization systems

**Giai Ä‘oáº¡n 4 (ThÃ¡ng 10-12): Enterprise Features**
- Multi-tenant setup vÃ  compliance features
- Advanced reporting vÃ  integration capabilities
- Production deployment vÃ  scaling

## 5.4. Káº¾T LUáº¬N Tá»”NG QUAN

### 5.4.1. ÄÃ¡nh GiÃ¡ ThÃ nh CÃ´ng Cá»§a Äá» TÃ i

Äá» tÃ i **"Há»‡ Thá»‘ng Quáº£n LÃ½ CÄƒn Há»™"** Ä‘Ã£ Ä‘Æ°á»£c triá»ƒn khai thÃ nh cÃ´ng vá»›i nhá»¯ng káº¿t quáº£ Ä‘Ã¡ng ghi nháº­n:

**âœ… Vá» máº·t ká»¹ thuáº­t:**
- Thiáº¿t káº¿ cÆ¡ sá»Ÿ dá»¯ liá»‡u chuáº©n hÃ³a, cÃ³ kháº£ nÄƒng má»Ÿ rá»™ng vÃ  dá»… báº£o trÃ¬
- Triá»ƒn khai báº£o máº­t theo cÃ¡c thá»±c hÃ nh tá»‘t nháº¥t cá»§a ngÃ nh
- Tá»‘i Æ°u hÃ³a hiá»‡u suáº¥t cho sáºµn sÃ ng production
- Kiá»ƒm thá»­ toÃ n diá»‡n vÃ  validation

**âœ… Vá» máº·t nghiá»‡p vá»¥:**
- ÄÃ¡p á»©ng Ä‘áº§y Ä‘á»§ cÃ¡c yÃªu cáº§u cá»§a viá»‡c quáº£n lÃ½ cÄƒn há»™
- Tá»± Ä‘á»™ng hÃ³a cÃ¡c quy trÃ¬nh thá»§ cÃ´ng
- Cung cáº¥p bÃ¡o cÃ¡o vÃ  phÃ¢n tÃ­ch Ä‘á»ƒ há»— trá»£ ra quyáº¿t Ä‘á»‹nh
- Tráº£i nghiá»‡m ngÆ°á»i dÃ¹ng Ä‘Æ°á»£c tá»‘i Æ°u hÃ³a

**âœ… Vá» máº·t há»c thuáº­t:**
- Ãp dá»¥ng thÃ nh cÃ´ng lÃ½ thuyáº¿t thiáº¿t káº¿ cÆ¡ sá»Ÿ dá»¯ liá»‡u
- Thá»±c hÃ nh cÃ¡c ká»¹ thuáº­t MySQL nÃ¢ng cao
- PhÃ¡t triá»ƒn ká»¹ nÄƒng quáº£n lÃ½ dá»± Ã¡n vÃ  tÃ i liá»‡u hÃ³a
- NÃ¢ng cao kháº£ nÄƒng giáº£i quyáº¿t váº¥n Ä‘á» vÃ  debug

### 5.4.2. Ã NghÄ©a Thá»±c Tiá»…n

**ğŸ¢ Äá»‘i vá»›i ngÃ nh báº¥t Ä‘á»™ng sáº£n:**
- Cung cáº¥p template cho cÃ¡c há»‡ thá»‘ng quáº£n lÃ½ tÃ i sáº£n tÆ°Æ¡ng tá»±
- ÄÆ°a ra cÃ¡c best practices vá» báº£o máº­t vÃ  hiá»‡u suáº¥t cÆ¡ sá»Ÿ dá»¯ liá»‡u
- Táº¡o framework cho chuyá»ƒn Ä‘á»•i sá»‘

**ğŸ“ Äá»‘i vá»›i giÃ¡o dá»¥c:**
- Case study hoÃ n chá»‰nh cho mÃ´n Quáº£n trá»‹ CÆ¡ sá»Ÿ Dá»¯ liá»‡u
- TÃ i liá»‡u tham kháº£o cho cÃ¡c Ä‘á»“ Ã¡n sinh viÃªn
- Máº«u template tÃ i liá»‡u ká»¹ thuáº­t chuyÃªn nghiá»‡p

**ğŸ’» Äá»‘i vá»›i cá»™ng Ä‘á»“ng developer:**
- Potencial Ä‘Ã³ng gÃ³p open-source
- Showcase cÃ¡c ká»¹ thuáº­t MySQL nÃ¢ng cao
- VÃ­ dá»¥ vá» kiáº¿n trÃºc á»©ng dá»¥ng thá»±c táº¿

### 5.4.3. BÃ i Há»c Kinh Nghiá»‡m

**ğŸ“š Kiáº¿n thá»©c ká»¹ thuáº­t há»c Ä‘Æ°á»£c:**
- Thiáº¿t káº¿ ERD vÃ  chuáº©n hÃ³a cÆ¡ sá»Ÿ dá»¯ liá»‡u
- Tá»‘i Æ°u hÃ³a truy váº¥n vÃ  indexing strategies
- Stored procedures, functions vÃ  triggers
- Backup/recovery strategies vÃ  testing
- Security implementation vÃ  access control

**ğŸ› ï¸ Ká»¹ nÄƒng thá»±c hÃ nh phÃ¡t triá»ƒn:**
- Project planning vÃ  time management
- Documentation vÃ  technical writing
- Testing methodologies vÃ  quality assurance
- Problem-solving vÃ  debugging techniques
- Code organization vÃ  best practices

**ğŸ‘¥ Soft skills Ä‘Æ°á»£c cáº£i thiá»‡n:**
- Kháº£ nÄƒng phÃ¢n tÃ­ch yÃªu cáº§u nghiá»‡p vá»¥
- Communication skills qua documentation
- Critical thinking trong thiáº¿t káº¿ há»‡ thá»‘ng
- Attention to detail trong implementation
- Persistence trong viá»‡c giáº£i quyáº¿t technical challenges

### 5.4.4. ÄÃ³ng GÃ³p Cho Cá»™ng Äá»“ng

**ğŸ“– TÃ i liá»‡u há»c thuáº­t:**
- BÃ¡o cÃ¡o chi tiáº¿t 2,800+ dÃ²ng cÃ³ thá»ƒ lÃ m tÃ i liá»‡u tham kháº£o
- SQL scripts cÃ³ thá»ƒ tÃ¡i sá»­ dá»¥ng cho projects tÆ°Æ¡ng tá»±
- Best practices documentation cho database design

**ğŸ”— Chia sáº» kiáº¿n thá»©c:**
- Template cho cÃ¡c Ä‘á»“ Ã¡n database management
- Examples cá»§a real-world application architecture
- Case study cho viá»‡c Ã¡p dá»¥ng lÃ½ thuyáº¿t vÃ o thá»±c táº¿

### 5.4.5. Cam Káº¿t PhÃ¡t Triá»ƒn Tiáº¿p Tá»¥c

Há»‡ thá»‘ng nÃ y khÃ´ng chá»‰ lÃ  má»™t Ä‘á» tÃ i há»c thuáº­t mÃ  cÃ²n lÃ  ná»n táº£ng cho viá»‡c phÃ¡t triá»ƒn cÃ¡c á»©ng dá»¥ng thá»±c táº¿. Vá»›i lá»™ trÃ¬nh chi tiáº¿t Ä‘Ã£ Ä‘á» xuáº¥t, há»‡ thá»‘ng cÃ³ thá»ƒ phÃ¡t triá»ƒn thÃ nh:

- **SaaS platform** cho cÃ¡c cÃ´ng ty quáº£n lÃ½ tÃ i sáº£n
- **Enterprise solution** cho cÃ¡c táº­p Ä‘oÃ n báº¥t Ä‘á»™ng sáº£n
- **Smart building management** vá»›i tÃ­ch há»£p IoT
- **AI-powered analytics** cho market insights

### 5.4.6. Lá»i Cáº£m Æ n

Em xin chÃ¢n thÃ nh cáº£m Æ¡n:
- **Tháº§y/CÃ´ giÃ¡o hÆ°á»›ng dáº«n** Ä‘Ã£ táº­n tÃ¬nh chá»‰ báº£o vÃ  Ä‘á»‹nh hÆ°á»›ng
- **Cá»™ng Ä‘á»“ng MySQL** vá»›i documentation xuáº¥t sáº¯c vÃ  forums há»— trá»£
- **CÃ¡c diá»…n Ä‘Ã n ká»¹ thuáº­t** vá»›i nhá»¯ng giáº£i phÃ¡p vÃ  best practices
- **Gia Ä‘Ã¬nh vÃ  báº¡n bÃ¨** Ä‘Ã£ Ä‘á»™ng viÃªn vÃ  há»— trá»£ trong suá»‘t quÃ¡ trÃ¬nh thá»±c hiá»‡n

---

### ğŸ“Š **Thá»‘ng KÃª Cuá»‘i Dá»± Ãn:**
- **DÃ²ng code:** 2,800+ (SQL + Documentation)
- **Thá»i gian phÃ¡t triá»ƒn:** 3 thÃ¡ng
- **Giá» testing:** 40+ giá»
- **Trang documentation:** 50+ trang
- **Äá»‘i tÆ°á»£ng cÆ¡ sá»Ÿ dá»¯ liá»‡u:** 50+ objects

**ğŸ¯ Tráº¡ng thÃ¡i dá»± Ã¡n: âœ… HOÃ€N THÃ€NH THÃ€NH CÃ”NG**

---

*"Má»™t cÆ¡ sá»Ÿ dá»¯ liá»‡u Ä‘Æ°á»£c thiáº¿t káº¿ tá»‘t lÃ  ná»n táº£ng cá»§a má»i á»©ng dá»¥ng thÃ nh cÃ´ng. Dá»± Ã¡n nÃ y chá»©ng minh ráº±ng vá»›i káº¿ hoáº¡ch, triá»ƒn khai vÃ  kiá»ƒm thá»­ phÃ¹ há»£p, chÃºng ta cÃ³ thá»ƒ xÃ¢y dá»±ng cÃ¡c há»‡ thá»‘ng robust phá»¥c vá»¥ nhu cáº§u kinh doanh thá»±c táº¿."*

**- Káº¿t thÃºc bÃ¡o cÃ¡o -**

## 5.1. Káº¾T QUáº¢ Äáº T ÄÆ¯á»¢C

### 5.1.1. HoÃ n ThÃ nh CÃ¡c Má»¥c TiÃªu Äá» TÃ i

**âœ… Má»¥c tiÃªu 1: Thiáº¿t káº¿ há»‡ thá»‘ng cÆ¡ sá»Ÿ dá»¯ liá»‡u hoÃ n chá»‰nh**
- ÄÃ£ thiáº¿t káº¿ vÃ  triá»ƒn khai thÃ nh cÃ´ng há»‡ thá»‘ng quáº£n lÃ½ cÄƒn há»™ vá»›i **9 tables** chÃ­nh
- MÃ´ hÃ¬nh ERD Ä‘Æ°á»£c chuáº©n hÃ³a, trÃ¡nh redundancy

**âœ… Má»¥c tiÃªu 2: Triá»ƒn khai há»‡ thá»‘ng báº£o máº­t vÃ  phÃ¢n quyá»n**
- Táº¡o thÃ nh cÃ´ng **6 users** vá»›i vai trÃ² khÃ¡c nhau
- PhÃ¢n quyá»n chi tiáº¿t theo nguyÃªn táº¯c **"Least Privilege"**

**âœ… Má»¥c tiÃªu 3: PhÃ¡t triá»ƒn cÃ¡c Ä‘á»‘i tÆ°á»£ng cÆ¡ sá»Ÿ dá»¯ liá»‡u nÃ¢ng cao**
- **5 Views** phá»©c táº¡p cho reporting vÃ  business intelligence
- **3 Stored Procedures** tá»± Ä‘á»™ng hÃ³a quy trÃ¬nh nghiá»‡p vá»¥
- **2 Functions** tÃ­nh toÃ¡n logic nghiá»‡p vá»¥
- **3 Triggers** Ä‘áº£m báº£o tÃ­nh toÃ n váº¹n vÃ  tá»± Ä‘á»™ng hÃ³a

**âœ… Má»¥c tiÃªu 4: Há»‡ thá»‘ng backup vÃ  recovery**
- Backup tá»± Ä‘á»™ng hÃ ng ngÃ y vá»›i **mysqldump**
- Recovery testing thÃ nh cÃ´ng vá»›i thá»i gian < 10 giÃ¢y
- Validation scripts Ä‘áº£m báº£o integrity cá»§a backup files

### 5.1.2. Káº¿t Quáº£ Äá»‹nh LÆ°á»£ng

| **ThÃ nh Pháº§n** | **Sá»‘ LÆ°á»£ng** | **Tráº¡ng ThÃ¡i** |
|----------------|--------------|----------------|
| Tables | 9 | âœ… HoÃ n thÃ nh |
| Records | 82 | âœ… ÄÃ£ insert |
| Views | 5 | âœ… Tested |
| Stored Procedures | 3 | âœ… Functional |
| Functions | 2 | âœ… Verified |
| Triggers | 3 | âœ… Active |
| Users & Roles | 6 | âœ… Configured |
| Constraints | 37 | âœ… Enforced |
| Indexes | 15 | âœ… Optimized |

### 5.1.3. Hiá»‡u NÄƒng Há»‡ Thá»‘ng

**Thá»i gian thá»±c thi truy váº¥n:**
- Simple queries: < 0.01 seconds
- Complex join queries: < 0.05 seconds  
- Stored procedure calls: < 0.02 seconds
- View materialization: < 0.03 seconds

**Dung lÆ°á»£ng database:**
- Database size: ~2.5MB (vá»›i sample data)
- Backup file size: 156KB (compressed)
- Average row size: ~150 bytes

**Concurrent users testing:**
- ÄÃ£ test thÃ nh cÃ´ng vá»›i 10 concurrent connections
- Deadlock prevention hoáº¡t Ä‘á»™ng hiá»‡u quáº£
- Transaction isolation level: READ COMMITTED

## 5.2. Háº N CHE

### 5.2.1. Háº¡n Cháº¿ Vá» CÃ´ng Nghá»‡

**ğŸ”¸ Platform Dependencies**
- Há»‡ thá»‘ng chá»‰ tÆ°Æ¡ng thÃ­ch vá»›i MySQL 8.0+
- Má»™t sá»‘ stored procedures sá»­ dá»¥ng MySQL-specific syntax
- KhÃ´ng portable sang PostgreSQL hoáº·c SQL Server

**ğŸ”¸ Scalability Limitations**
- ChÆ°a implement connection pooling cho high-traffic scenarios
- Backup process cÃ³ thá»ƒ cháº­m vá»›i database lá»›n (>1GB)
- ChÆ°a cÃ³ horizontal scaling strategy

**ğŸ”¸ Performance Constraints**
- ChÆ°a implement query caching mechanisms
- Index optimization chá»‰ dá»±a trÃªn sample data nhá»
- ChÆ°a cÃ³ performance monitoring tools

### 5.2.2. Háº¡n Cháº¿ Vá» TÃ­nh NÄƒng

**ğŸ”¸ Business Logic Gaps**
- ChÆ°a há»— trá»£ multiple currency pricing
- Lacking automated rent calculation vá»›i late fees
- ChÆ°a cÃ³ notification system cho contract expiration
- Payment tracking chá»‰ á»Ÿ má»©c basic

**ğŸ”¸ Reporting Limitations**  
- Dashboard chá»‰ cÃ³ basic views, chÆ°a cÃ³ interactive charts
- ChÆ°a há»— trá»£ data export formats (PDF, Excel)
- Analytics capabilities cÃ²n háº¡n cháº¿
- ChÆ°a cÃ³ real-time reporting

**ğŸ”¸ Security Gaps**
- ChÆ°a implement data encryption at rest
- Audit trail chÆ°a cÃ³ tamper protection
- ChÆ°a cÃ³ intrusion detection
- Password policy enforcement chÆ°a hoÃ n toÃ n tá»± Ä‘á»™ng

### 5.2.3. Háº¡n Cháº¿ Vá» Triá»ƒn Khai

**ğŸ”¸ Documentation**
- ChÆ°a cÃ³ user manual chi tiáº¿t cho end-users
- API documentation chÆ°a Ä‘Æ°á»£c táº¡o
- Troubleshooting guide cÃ²n thiáº¿u
- Installation guide chá»‰ cover basic setup

**ğŸ”¸ Testing Coverage**
- Unit testing chÆ°a Ä‘Æ°á»£c implement
- Load testing chá»‰ á»Ÿ má»©c cÆ¡ báº£n
- Integration testing vá»›i external systems chÆ°a cÃ³
- Automated regression testing chÆ°a setup

**ğŸ”¸ Deployment & Operations**
- ChÆ°a cÃ³ containerization (Docker)
- CI/CD pipeline chÆ°a Ä‘Æ°á»£c thiáº¿t láº­p
- Monitoring vÃ  alerting system chÆ°a cÃ³
- Disaster recovery plan chÆ°a chi tiáº¿t

## 5.3. HÆ¯á»šNG PHÃT TRIá»‚N

### 5.3.1. Cáº£i Tiáº¿n Ngáº¯n Háº¡n (1-3 thÃ¡ng)

**ğŸš€ Performance Optimization**
```sql
-- Implement query result caching
CREATE TABLE query_cache (
    cache_key VARCHAR(255) PRIMARY KEY,
    result_data JSON,
    created_at TIMESTAMP DEFAULT CURRENT_TIMESTAMP,
    expires_at TIMESTAMP
);

-- Add more specialized indexes
CREATE INDEX idx_apartment_availability ON apartment(rented, min_rate);
CREATE INDEX idx_contract_active ON contract(payment_status, end_date);
```

**ğŸš€ Enhanced Security**
- Implement field-level encryption cho sensitive data
- Add audit trail vá»›i digital signatures
- Setup automated security scanning
- Enhance password policy enforcement

**ğŸš€ Expanded Business Logic**
```sql
-- Payment tracking table
CREATE TABLE payment_history (
    id BIGINT AUTO_INCREMENT PRIMARY KEY,
    contract_id BIGINT,
    payment_date DATE,
    amount DOUBLE,
    payment_method ENUM('CASH', 'BANK_TRANSFER', 'CARD'),
    status ENUM('PENDING', 'COMPLETED', 'FAILED'),
    FOREIGN KEY (contract_id) REFERENCES contract(id)
);

-- Late fee calculation function
DELIMITER //
CREATE FUNCTION CalculateLateFee(contract_id BIGINT, days_late INT)
RETURNS DOUBLE
BEGIN
    DECLARE monthly_rent DOUBLE;
    SELECT c.monthly_rent INTO monthly_rent FROM contract c WHERE c.id = contract_id;
    RETURN monthly_rent * 0.05 * days_late; -- 5% per day
END//
DELIMITER ;
```

### 5.3.2. PhÃ¡t Triá»ƒn Trung Háº¡n (3-6 thÃ¡ng)

**ğŸ”§ Architecture Enhancements**

**1. Microservices Migration**
```yaml
# docker-compose.yml structure
services:
  apartment-service:
    image: apartment-mgmt/apartment-service:latest
    ports: ["8081:8080"]
  
  customer-service:
    image: apartment-mgmt/customer-service:latest
    ports: ["8082:8080"]
    
  contract-service:
    image: apartment-mgmt/contract-service:latest  
    ports: ["8083:8080"]
    
  mysql-cluster:
    image: mysql/mysql-cluster:latest
    environment:
      MYSQL_CLUSTER_NODES: 3
```

**2. API Gateway Implementation**
```javascript
// RESTful API endpoints
app.get('/api/v1/apartments/available', getAvailableApartments);
app.post('/api/v1/contracts', createContract);
app.get('/api/v1/reports/revenue', getRevenueReport);
app.put('/api/v1/apartments/:id/equipment', manageEquipment);
```

**3. Real-time Notifications**
```sql
-- Notification system tables
CREATE TABLE notification_templates (
    id BIGINT AUTO_INCREMENT PRIMARY KEY,
    template_name VARCHAR(100),
    template_content TEXT,
    notification_type ENUM('EMAIL', 'SMS', 'PUSH')
);

CREATE TABLE notification_queue (
    id BIGINT AUTO_INCREMENT PRIMARY KEY,
    recipient_id BIGINT,
    template_id BIGINT,
    scheduled_time DATETIME,
    status ENUM('PENDING', 'SENT', 'FAILED'),
    FOREIGN KEY (template_id) REFERENCES notification_templates(id)
);
```

**ğŸ”§ Advanced Analytics**

**1. Business Intelligence Dashboard**
```sql
-- Revenue analytics view
CREATE VIEW revenue_analytics AS
SELECT 
    DATE_FORMAT(c.start_date, '%Y-%m') as month,
    COUNT(*) as new_contracts,
    SUM(c.monthly_rent) as total_rent,
    AVG(c.monthly_rent) as avg_rent,
    SUM(c.deposit) as total_deposits,
    (SELECT COUNT(*) FROM apartment WHERE rented = 1) as occupancy_count,
    (SELECT COUNT(*) FROM apartment) as total_apartments,
    ROUND((SELECT COUNT(*) FROM apartment WHERE rented = 1) / (SELECT COUNT(*) FROM apartment) * 100, 2) as occupancy_rate
FROM contract c
WHERE c.payment_status = 'ACTIVE'
GROUP BY DATE_FORMAT(c.start_date, '%Y-%m')
ORDER BY month DESC;
```

**2. Predictive Analytics**
```sql
-- Tenant behavior prediction
CREATE TABLE tenant_behavior_metrics (
    id BIGINT AUTO_INCREMENT PRIMARY KEY,
    customer_id BIGINT,
    contract_duration_avg INT,
    payment_punctuality_score DECIMAL(3,2),
    maintenance_requests_count INT,
    renewal_probability DECIMAL(3,2),
    churn_risk_score DECIMAL(3,2),
    calculated_at TIMESTAMP DEFAULT CURRENT_TIMESTAMP
);
```

### 5.3.3. Má»Ÿ Rá»™ng DÃ i Háº¡n (6-12 thÃ¡ng)

**ğŸŒŸ Platform Integration**

**1. IoT Integration cho Smart Apartments**
```sql
-- IoT device management
CREATE TABLE iot_devices (
    id BIGINT AUTO_INCREMENT PRIMARY KEY,
    apartment_id BIGINT,
    device_type ENUM('SMART_LOCK', 'THERMOSTAT', 'CAMERA', 'SENSOR'),
    device_id VARCHAR(100) UNIQUE,
    status ENUM('ONLINE', 'OFFLINE', 'MAINTENANCE'),
    last_heartbeat TIMESTAMP,
    configuration JSON,
    FOREIGN KEY (apartment_id) REFERENCES apartment(id)
);

CREATE TABLE iot_sensor_data (
    id BIGINT AUTO_INCREMENT PRIMARY KEY,
    device_id VARCHAR(100),
    sensor_type VARCHAR(50),
    value DECIMAL(10,2),
    unit VARCHAR(20),
    timestamp TIMESTAMP DEFAULT CURRENT_TIMESTAMP,
    INDEX idx_device_timestamp (device_id, timestamp)
);
```

**2. Mobile Application Backend**
```sql
-- Mobile app user sessions
CREATE TABLE mobile_sessions (
    id BIGINT AUTO_INCREMENT PRIMARY KEY,
    user_id BIGINT,
    device_token VARCHAR(255),
    platform ENUM('IOS', 'ANDROID'),
    app_version VARCHAR(20),
    last_active TIMESTAMP,
    push_enabled BOOLEAN DEFAULT TRUE
);

-- Feature usage analytics
CREATE TABLE feature_usage_analytics (
    id BIGINT AUTO_INCREMENT PRIMARY KEY,
    user_id BIGINT,
    feature_name VARCHAR(100),
    usage_count INT DEFAULT 1,
    last_used TIMESTAMP DEFAULT CURRENT_TIMESTAMP,
    UNIQUE KEY unique_user_feature (user_id, feature_name)
);
```

**ğŸŒŸ AI/ML Integration**

**1. Automated Pricing Optimization**
```python
# Python integration vá»›i MySQL
import mysql.connector
from sklearn.ensemble import RandomForestRegressor

def optimize_apartment_pricing():
    # Fetch market data
    conn = mysql.connector.connect(host='localhost', database='apartment_db')
    query = """
    SELECT a.floor_area, a.number_of_bedrooms, 
           d.region, AVG(c.monthly_rent) as current_rent
    FROM apartment a 
    JOIN building b ON a.building_id = b.id
    JOIN district d ON b.district_id = d.id
    JOIN contract c ON a.id = c.apartment_id
    GROUP BY a.id
    """
    
    # ML model Ä‘á»ƒ predict optimal pricing
    # Implementation details...
```

**2. Predictive Maintenance**
```sql
-- Equipment maintenance prediction
CREATE TABLE maintenance_predictions (
    id BIGINT AUTO_INCREMENT PRIMARY KEY,
    equipment_id BIGINT,
    predicted_failure_date DATE,
    confidence_score DECIMAL(3,2),
    maintenance_priority ENUM('LOW', 'MEDIUM', 'HIGH', 'CRITICAL'),
    estimated_cost DECIMAL(10,2),
    created_at TIMESTAMP DEFAULT CURRENT_TIMESTAMP
);
```

**ğŸŒŸ Enterprise Features**

**1. Multi-tenant Architecture**
```sql
-- Tenant isolation
CREATE TABLE organizations (
    id BIGINT AUTO_INCREMENT PRIMARY KEY,
    org_name VARCHAR(255),
    org_code VARCHAR(50) UNIQUE,
    subscription_plan ENUM('BASIC', 'PREMIUM', 'ENTERPRISE'),
    max_properties INT,
    created_at TIMESTAMP DEFAULT CURRENT_TIMESTAMP
);

-- Add org_id to all major tables
ALTER TABLE building ADD COLUMN org_id BIGINT;
ALTER TABLE user_account ADD COLUMN org_id BIGINT;
```

**2. Advanced Reporting & Compliance**
```sql
-- Compliance reporting
CREATE TABLE compliance_reports (
    id BIGINT AUTO_INCREMENT PRIMARY KEY,
    report_type ENUM('TAX', 'FINANCIAL', 'LEGAL', 'AUDIT'),
    reporting_period VARCHAR(20),
    generated_by BIGINT,
    file_path VARCHAR(500),
    status ENUM('GENERATING', 'COMPLETED', 'FAILED'),
    generated_at TIMESTAMP DEFAULT CURRENT_TIMESTAMP
);
```

### 5.3.4. Roadmap Timeline

```mermaid
gantt
    title Apartment Management System Development Roadmap
    dateFormat  YYYY-MM-DD
    section Phase 1 - Optimization
    Performance Tuning    :2025-06-15, 30d
    Security Enhancement  :2025-07-01, 45d
    Extended Business Logic :2025-07-15, 60d
    
    section Phase 2 - Architecture  
    Microservices Migration :2025-08-01, 90d
    API Development        :2025-09-01, 60d
    Mobile Backend        :2025-10-01, 75d
    
    section Phase 3 - AI/ML
    Analytics Dashboard   :2025-11-01, 45d
    ML Model Development  :2025-12-01, 90d
    IoT Integration      :2026-01-01, 120d
    
    section Phase 4 - Enterprise
    Multi-tenant Setup   :2026-03-01, 60d
    Compliance Features  :2026-04-01, 90d
    Enterprise Deploy    :2026-06-01, 30d
```

## 5.4. Káº¾T LUáº¬N Tá»”NG QUAN

### 5.4.1. ÄÃ¡nh GiÃ¡ ThÃ nh CÃ´ng

Äá» tÃ i **"Há»‡ Thá»‘ng Quáº£n LÃ½ CÄƒn Há»™"** Ä‘Ã£ Ä‘Æ°á»£c triá»ƒn khai thÃ nh cÃ´ng vá»›i nhá»¯ng káº¿t quáº£ Ä‘Ã¡ng ká»ƒ:

**âœ… Vá» máº·t ká»¹ thuáº­t:**
- Database design chuáº©n hÃ³a, scalable vÃ  maintainable
- Security implementation theo industry best practices  
- Performance optimization cho production readiness
- Comprehensive testing vÃ  validation

**âœ… Vá» máº·t nghiá»‡p vá»¥:**
- ÄÃ¡p á»©ng Ä‘áº§y Ä‘á»§ requirements cá»§a quáº£n lÃ½ cÄƒn há»™
- Automation cÃ¡c quy trÃ¬nh manual
- Reporting vÃ  analytics cho decision making
- User experience Ä‘Æ°á»£c tá»‘i Æ°u hÃ³a

**âœ… Vá» máº·t há»c thuáº­t:**
- Ãp dá»¥ng thÃ nh cÃ´ng lÃ½ thuyáº¿t database design
- Thá»±c hÃ nh cÃ¡c ká»¹ thuáº­t advanced MySQL
- Project management vÃ  documentation skills
- Problem-solving vÃ  debugging capabilities

### 5.4.2. Ã NghÄ©a Thá»±c Tiá»…n

**ğŸ¢ Cho ngÃ nh báº¥t Ä‘á»™ng sáº£n:**
- Template cho cÃ¡c há»‡ thá»‘ng property management tÆ°Æ¡ng tá»±
- Best practices cho database security vÃ  performance
- Framework cho digital transformation

**ğŸ“ Cho giÃ¡o dá»¥c:**
- Case study hoÃ n chá»‰nh cho mÃ´n Database Management
- Reference implementation cho student projects
- Documentation template cho technical reports

**ğŸ’» Cho cá»™ng Ä‘á»“ng developer:**
- Open-source contribution potential
- MySQL advanced techniques showcase
- Real-world application architecture example

### 5.4.3. Cam Káº¿t PhÃ¡t Triá»ƒn Tiáº¿p Tá»¥c

Há»‡ thá»‘ng nÃ y khÃ´ng chá»‰ lÃ  má»™t Ä‘á» tÃ i há»c thuáº­t mÃ  cÃ²n lÃ  ná»n táº£ng cho viá»‡c phÃ¡t triá»ƒn cÃ¡c á»©ng dá»¥ng thá»±c táº¿. Vá»›i roadmap chi tiáº¿t Ä‘Ã£ Ä‘á» xuáº¥t, há»‡ thá»‘ng cÃ³ thá»ƒ phÃ¡t triá»ƒn thÃ nh:

- **SaaS platform** cho property management companies
- **Enterprise solution** cho real estate corporations  
- **Smart building management** vá»›i IoT integration
- **AI-powered analytics** cho market insights

### 5.4.4. Lá»i Cáº£m Æ n

Xin chÃ¢n thÃ nh cáº£m Æ¡n:
- **GiÃ¡o viÃªn hÆ°á»›ng dáº«n** Ä‘Ã£ táº­n tÃ¬nh chá»‰ báº£o
- **Cá»™ng Ä‘á»“ng MySQL** vá»›i documentation xuáº¥t sáº¯c
- **Stack Overflow community** vá»›i cÃ¡c giáº£i phÃ¡p technical
- **Gia Ä‘Ã¬nh vÃ  báº¡n bÃ¨** Ä‘Ã£ support trong quÃ¡ trÃ¬nh thá»±c hiá»‡n

---

### PHá»¤ Lá»¤C

#### A. Files ÄÃ£ Táº¡o
- `CHUONG4_KET_QUA_THUC_NGHIEM.md` - BÃ¡o cÃ¡o chi tiáº¿t (1,800+ lines)
- `INSERT_DATA_COMMANDS.sql` - Script SQL hoÃ n chá»‰nh (700+ lines)  
- `apartment_db_backup.sql` - Database backup file

#### B. TÃ i Liá»‡u Tham Kháº£o
1. MySQL 8.0 Reference Manual - https://dev.mysql.com/doc/refman/8.0/